Date,Time,Map Name,Raj,Azhan,Sameer,Zetaa,Adi,Dylan,Parum,EnderRobot,Lynden,Rusheel,SultanSpeppy,Viraj
2024-10-27,03:17:01,Shanghai,1090.8406367531084,1136.4406367531083,1068.0406367531084,1000.0,1000.0,1000.0,1000.0,1000.0,1000.0,1000.0,1000.0,1000.0
2024-10-28,23:06:24,Shanghai by Night,1090.8406367531084,1235.6798522368472,1123.7208312634277,1000.0,1000.0,1000.0,1000.0,1000.0,1000.0,1000.0,1000.0,1000.0
2024-10-30,10:15:17,Snowville,1090.8406367531084,1333.51441525329,1211.3513029911012,1000.0,1000.0,1000.0,1000.0,1000.0,1000.0,1000.0,1000.0,1000.0
2024-10-30,10:20:02,Snowville,1090.8406367531084,1414.7034922166395,1314.3975390786293,1000.0,1000.0,1000.0,1000.0,1000.0,1000.0,1000.0,1000.0,1000.0
2024-10-30,11:16:41,Shanghai,1090.8406367531084,1479.598000956252,1369.4148575776335,1000.0,1000.0,1000.0,1000.0,1000.0,1000.0,1000.0,1000.0,1000.0
2024-11-14,23:52:21,Snowville,1198.2192573215102,1511.5547615813236,1412.6723168474275,1000.0,1000.0,1000.0,1000.0,1000.0,1000.0,1000.0,1000.0,1000.0
2024-11-17,01:56:43,Shanghai,1257.1389685340753,1551.2218040711084,1440.7884708983902,1000.0,1000.0,1000.0,1000.0,1000.0,1000.0,1000.0,1000.0,1000.0
2024-11-17,03:05:57,Snowville,1314.5546268563912,1567.565873848681,1476.6556257476793,1000.0,1000.0,1000.0,1000.0,1000.0,1000.0,1000.0,1000.0,1000.0
2024-11-17,03:09:35,Snowville,1415.6463677844058,1599.3188645568782,1519.7926020106581,1000.0,1000.0,1000.0,1000.0,1000.0,1000.0,1000.0,1000.0,1000.0
2024-11-18,23:15:54,Shanghai,1415.6463677844058,1624.507648112442,1552.327877818497,1000.0,1000.0,1000.0,1000.0,1000.0,1000.0,1000.0,1000.0,1000.0
2024-11-19,00:56:11,Shanghai,1433.0416211141003,1655.7615550202102,1579.3998170277052,1000.0,1000.0,1000.0,1000.0,1000.0,1000.0,1000.0,1000.0,1000.0
2024-11-19,01:30:25,Shanghai,1465.7034046667334,1686.186596960574,1621.2097099380965,1000.0,1000.0,1000.0,1000.0,1000.0,1000.0,1000.0,1000.0,1000.0
2024-11-19,01:37:19,Shanghai,1505.7550146004965,1723.590939920189,1639.258940970228,1000.0,1000.0,1000.0,1000.0,1000.0,1000.0,1000.0,1000.0,1000.0
2024-11-19,02:37:39,Snowville,1514.7724820808107,1752.143081887511,1680.1383703868462,1000.0,1000.0,1000.0,1000.0,1000.0,1000.0,1000.0,1000.0,1000.0
2024-11-19,22:07:37,Snowville,1530.6032386294444,1752.143081887511,1680.1383703868462,1000.0,1000.0,1000.0,1000.0,1000.0,1000.0,1000.0,1000.0,1000.0
2024-11-19,22:12:58,Shanghai,1541.5473314607257,1752.143081887511,1680.1383703868462,1000.0,1000.0,1000.0,1000.0,1000.0,1000.0,1000.0,1000.0,1000.0
2024-11-19,22:17:52,Snowville,1552.4273402116387,1752.143081887511,1680.1383703868462,1000.0,1000.0,1000.0,1000.0,1000.0,1000.0,1000.0,1000.0,1000.0
2024-11-19,22:22:27,Shanghai by Night,1565.640076040678,1752.143081887511,1680.1383703868462,1000.0,1000.0,1000.0,1000.0,1000.0,1000.0,1000.0,1000.0,1000.0
2024-11-19,22:27:13,Shanghai,1578.7661022183931,1752.143081887511,1680.1383703868462,1000.0,1000.0,1000.0,1000.0,1000.0,1000.0,1000.0,1000.0,1000.0
2024-11-19,23:01:29,Shanghai by Night,1595.6290485735435,1768.3032317777463,1680.1383703868462,1000.0,1000.0,1000.0,1000.0,1000.0,1000.0,1000.0,1000.0,1000.0
2024-11-19,23:06:03,Shanghai,1617.452253224014,1789.2014571451089,1680.1383703868462,1000.0,1000.0,1000.0,1000.0,1000.0,1000.0,1000.0,1000.0,1000.0
2024-11-19,23:09:40,Snowville,1638.9358664203635,1814.6639454746228,1680.1383703868462,1000.0,1000.0,1000.0,1000.0,1000.0,1000.0,1000.0,1000.0,1000.0
2024-11-19,23:14:51,Shanghai,1665.2794541055114,1839.2635394544798,1680.1383703868462,1000.0,1000.0,1000.0,1000.0,1000.0,1000.0,1000.0,1000.0,1000.0
2024-11-19,23:18:21,Snowville,1691.116865264578,1863.0032682574154,1680.1383703868462,1000.0,1000.0,1000.0,1000.0,1000.0,1000.0,1000.0,1000.0,1000.0
2024-11-19,23:21:56,Snowville,1716.3978834343197,1885.8636353952545,1680.1383703868462,1000.0,1000.0,1000.0,1000.0,1000.0,1000.0,1000.0,1000.0,1000.0
2024-11-19,23:26:14,Snowville,1741.07358346145,1897.4353369898183,1680.1383703868462,1000.0,1000.0,1000.0,1000.0,1000.0,1000.0,1000.0,1000.0,1000.0
2024-11-19,23:30:13,Snowville,1770.23460215625,1913.8142277755514,1680.1383703868462,1000.0,1000.0,1000.0,1000.0,1000.0,1000.0,1000.0,1000.0,1000.0
2024-11-19,23:40:15,Shanghai by Night,1777.9629479419457,1918.5170309568107,1708.529376996234,1000.0,1000.0,1000.0,1000.0,1000.0,1000.0,1000.0,1000.0,1000.0
2024-11-19,23:45:21,Shanghai,1793.1931556114848,1930.7818970728556,1720.5509737456268,1000.0,1000.0,1000.0,1000.0,1000.0,1000.0,1000.0,1000.0,1000.0
2024-11-19,23:50:18,Shanghai,1822.9802409697752,1957.6325444263734,1747.45106926177,1000.0,1000.0,1000.0,1000.0,1000.0,1000.0,1000.0,1000.0,1000.0
2024-11-19,23:53:53,Snowville,1859.0917107669275,1960.2807415231375,1773.5205916532989,1000.0,1000.0,1000.0,1000.0,1000.0,1000.0,1000.0,1000.0,1000.0
2024-11-19,23:59:11,Shanghai,1877.9600747031534,1963.300697964499,1813.789793658151,1000.0,1000.0,1000.0,1000.0,1000.0,1000.0,1000.0,1000.0,1000.0
2024-11-20,00:04:05,Snowville,1885.3501208855369,1963.300697964499,1834.907382406692,1000.0,1000.0,1000.0,1000.0,1000.0,1000.0,1000.0,1000.0,1000.0
2024-11-20,00:08:46,Shanghai by Night,1902.94403598112,1963.300697964499,1849.9832218841634,1000.0,1000.0,1000.0,1000.0,1000.0,1000.0,1000.0,1000.0,1000.0
2024-11-20,22:33:34,Snowville,1914.5986762158602,1963.300697964499,1859.3227482977013,1000.0,1000.0,1000.0,1000.0,1000.0,1000.0,1000.0,1000.0,1000.0
2024-11-20,22:39:14,Shanghai by Night,1920.5476277462433,1963.300697964499,1878.7254542407989,1000.0,1000.0,1000.0,1000.0,1000.0,1000.0,1000.0,1000.0,1000.0
2024-11-20,22:45:05,Shanghai by Night,1936.7426892705835,1963.300697964499,1902.4713204342954,1000.0,1000.0,1000.0,1000.0,1000.0,1000.0,1000.0,1000.0,1000.0
2024-11-20,22:48:14,Snowville,1952.2963569071878,1963.300697964499,1925.1945281349053,1000.0,1000.0,1000.0,1000.0,1000.0,1000.0,1000.0,1000.0,1000.0
2024-11-20,22:53:07,Shanghai,1956.8225075408463,1963.300697964499,1926.1047710490768,1000.0,1000.0,1000.0,1000.0,1000.0,1000.0,1000.0,1000.0,1000.0
2024-11-20,22:59:50,Shanghai by Night,1961.1219993244724,1963.300697964499,1927.0028322234502,1000.0,1000.0,1000.0,1000.0,1000.0,1000.0,1000.0,1000.0,1000.0
2024-11-20,23:04:09,Shanghai by Night,1965.2058779197957,1963.300697964499,1938.2875534523635,1000.0,1000.0,1000.0,1000.0,1000.0,1000.0,1000.0,1000.0,1000.0
2024-11-20,23:08:38,Snowville,1979.5619078404632,1963.300697964499,1949.0307285939978,1000.0,1000.0,1000.0,1000.0,1000.0,1000.0,1000.0,1000.0,1000.0
2024-11-20,23:13:43,Shanghai,1988.0506387079595,1963.300697964499,1943.7308831743023,1000.0,1000.0,1000.0,1000.0,1000.0,1000.0,1000.0,1000.0,1000.0
2024-11-20,23:17:17,Snowville,2006.4570832693873,1963.300697964499,1954.3654043326353,1000.0,1000.0,1000.0,1000.0,1000.0,1000.0,1000.0,1000.0,1000.0
2024-11-20,23:20:47,Snowville,2013.5802630019816,1963.300697964499,1969.7896418727785,1000.0,1000.0,1000.0,1000.0,1000.0,1000.0,1000.0,1000.0,1000.0
2024-11-20,23:24:49,Snowville,2025.644835509377,1963.300697964499,1989.6686694937964,1000.0,1000.0,1000.0,1000.0,1000.0,1000.0,1000.0,1000.0,1000.0
2024-11-20,23:28:55,Snowville,2037.227192490335,1963.300697964499,2008.600679772009,1000.0,1000.0,1000.0,1000.0,1000.0,1000.0,1000.0,1000.0,1000.0
2024-11-20,23:37:39,Shanghai by Night,2053.5483036143014,1963.300697964499,2011.0283248265287,1000.0,1000.0,1000.0,1000.0,1000.0,1000.0,1000.0,1000.0,1000.0
2024-11-20,23:42:01,Shanghai by Night,2063.8462065731624,1963.300697964499,2013.449929725102,1000.0,1000.0,1000.0,1000.0,1000.0,1000.0,1000.0,1000.0,1000.0
2024-11-20,23:45:59,Snowville,2073.6368121239807,1963.300697964499,2021.0208365259225,1000.0,1000.0,1000.0,1000.0,1000.0,1000.0,1000.0,1000.0,1000.0
2024-11-20,23:50:41,Shanghai,2082.9883585959597,1963.300697964499,2023.0689060797035,1000.0,1000.0,1000.0,1000.0,1000.0,1000.0,1000.0,1000.0,1000.0
2024-11-20,23:54:12,Snowville,2097.0874236462705,1963.300697964499,2035.4786302006075,1000.0,1000.0,1000.0,1000.0,1000.0,1000.0,1000.0,1000.0,1000.0
2024-11-21,00:00:58,Shanghai by Night,2110.5819189919357,1963.300697964499,2047.3474102843747,1000.0,1000.0,1000.0,1000.0,1000.0,1000.0,1000.0,1000.0,1000.0
2024-11-21,00:06:01,Shanghai by Night,2107.9098281768506,1963.300697964499,2058.7026080238843,1000.0,1000.0,1000.0,1000.0,1000.0,1000.0,1000.0,1000.0,1000.0
2024-11-22,01:53:51,Shanghai,2099.590921553503,1978.9661343206915,2058.7026080238843,1000.0,1000.0,1000.0,1000.0,1000.0,1000.0,1000.0,1000.0,1000.0
2024-11-22,02:02:23,Shanghai by Night,2107.369743722857,1998.9774932002233,2058.7026080238843,1000.0,1000.0,1000.0,1000.0,1000.0,1000.0,1000.0,1000.0,1000.0
2024-11-22,02:08:40,Shanghai by Night,2114.9108124649188,2018.009216249275,2058.7026080238843,1000.0,1000.0,1000.0,1000.0,1000.0,1000.0,1000.0,1000.0,1000.0
2024-11-22,02:14:36,Shanghai,2117.024601354139,2030.908236475278,2058.7026080238843,1000.0,1000.0,1000.0,1000.0,1000.0,1000.0,1000.0,1000.0,1000.0
2024-11-22,02:20:34,Shanghai by Night,2124.328671405659,2048.355655933067,2058.7026080238843,1000.0,1000.0,1000.0,1000.0,1000.0,1000.0,1000.0,1000.0,1000.0
2024-11-22,02:26:13,Snowville,2136.613298024084,2059.758023535605,2058.7026080238843,1000.0,1000.0,1000.0,1000.0,1000.0,1000.0,1000.0,1000.0,1000.0
2024-11-22,02:30:51,Shanghai,2148.411093397019,2060.2669510749292,2058.7026080238843,1000.0,1000.0,1000.0,1000.0,1000.0,1000.0,1000.0,1000.0,1000.0
2024-11-22,02:36:48,Shanghai,2154.4793085500883,2055.633579467479,2058.7026080238843,1000.0,1000.0,1000.0,1000.0,1000.0,1000.0,1000.0,1000.0,1000.0
2024-11-22,02:41:48,Shanghai,2144.6463660556806,2056.4771125239486,2058.7026080238843,1000.0,1000.0,1000.0,1000.0,1000.0,1000.0,1000.0,1000.0,1000.0
2024-11-22,02:46:14,Snowville,2140.4566120765703,2052.0093667805904,2058.7026080238843,1000.0,1000.0,1000.0,1000.0,1000.0,1000.0,1000.0,1000.0,1000.0
2024-11-22,02:51:30,Shanghai,2136.424600800039,2063.339362340237,2058.7026080238843,1000.0,1000.0,1000.0,1000.0,1000.0,1000.0,1000.0,1000.0,1000.0
2024-11-22,02:56:24,Snowville,2132.656622924883,2074.065491698809,2058.7026080238843,1000.0,1000.0,1000.0,1000.0,1000.0,1000.0,1000.0,1000.0,1000.0
2024-11-22,03:02:01,Snowville,2139.539442636642,2089.4237493637415,2058.7026080238843,1000.0,1000.0,1000.0,1000.0,1000.0,1000.0,1000.0,1000.0,1000.0
2024-11-22,03:07:26,Shanghai,2135.818081516853,2093.66741694788,2058.7026080238843,1000.0,1000.0,1000.0,1000.0,1000.0,1000.0,1000.0,1000.0,1000.0
2024-11-23,19:56:02,Shanghai by Night,2135.818081516853,2105.170300014482,2058.7026080238843,1077.6762257524363,1000.0,1000.0,1000.0,1000.0,1000.0,1000.0,1000.0,1000.0
2024-11-23,19:57:49,Shanghai by Night,2135.818081516853,2116.201243573421,2058.7026080238843,1139.573628643809,1000.0,1000.0,1000.0,1000.0,1000.0,1000.0,1000.0,1000.0
2024-11-23,19:58:21,Snowville,2135.818081516853,2126.7887185492664,2058.7026080238843,1216.861018689513,1000.0,1000.0,1000.0,1000.0,1000.0,1000.0,1000.0,1000.0
2024-11-23,19:58:55,Shanghai,2135.818081516853,2136.963261606351,2058.7026080238843,1309.3584423663922,1000.0,1000.0,1000.0,1000.0,1000.0,1000.0,1000.0,1000.0
2024-11-23,19:59:32,Snowville,2135.818081516853,2146.757470573707,2058.7026080238843,1401.102250704254,1000.0,1000.0,1000.0,1000.0,1000.0,1000.0,1000.0,1000.0
2024-11-23,20:00:19,Shanghai by Night,2135.818081516853,2156.2039593532904,2058.7026080238843,1415.6698235434058,1000.0,1000.0,1000.0,1000.0,1000.0,1000.0,1000.0,1000.0
2024-11-23,23:49:07,Shanghai,2131.4920255790366,2156.2039593532904,2058.7026080238843,1415.6698235434058,1000.0,1000.0,1000.0,1000.0,1000.0,1000.0,1000.0,1000.0
2024-11-23,23:54:40,Shanghai,2134.456490641106,2156.2039593532904,2058.7026080238843,1415.6698235434058,1000.0,1000.0,1000.0,1000.0,1000.0,1000.0,1000.0,1000.0
2024-11-24,21:02:53,Snowville,2134.456490641106,2158.66283132902,2058.7026080238843,1415.6698235434058,1000.0,1000.0,1000.0,1000.0,1000.0,1000.0,1000.0,1000.0
2024-11-24,21:07:43,Shanghai,2134.456490641106,2161.0729659299964,2058.7026080238843,1415.6698235434058,1000.0,1000.0,1000.0,1000.0,1000.0,1000.0,1000.0,1000.0
2024-11-24,21:12:25,Shanghai by Night,2134.456490641106,2165.835614409329,2058.7026080238843,1415.6698235434058,1000.0,1000.0,1000.0,1000.0,1000.0,1000.0,1000.0,1000.0
2024-11-24,21:17:44,Shanghai by Night,2134.456490641106,2170.5052641400957,2058.7026080238843,1415.6698235434058,1000.0,1000.0,1000.0,1000.0,1000.0,1000.0,1000.0,1000.0
2024-11-24,21:22:04,Shanghai,2134.456490641106,2170.284823598058,2058.7026080238843,1415.6698235434058,1000.0,1000.0,1000.0,1000.0,1000.0,1000.0,1000.0,1000.0
2024-11-24,21:30:44,Shanghai,2134.456490641106,2167.6686114333374,2058.7026080238843,1415.6698235434058,1000.0,1000.0,1000.0,1000.0,1000.0,1000.0,1000.0,1000.0
2024-11-25,23:37:41,Shanghai by Night,2126.3514891374616,2178.6271167321706,2058.7026080238843,1415.6698235434058,1000.0,1000.0,1000.0,1000.0,1000.0,1000.0,1000.0,1000.0
2024-11-25,23:42:05,Shanghai,2139.504075231569,2178.657593989813,2058.7026080238843,1415.6698235434058,1000.0,1000.0,1000.0,1000.0,1000.0,1000.0,1000.0,1000.0
2024-11-25,23:47:18,Shanghai by Night,2152.0482949389807,2173.5835157144147,2058.7026080238843,1415.6698235434058,1000.0,1000.0,1000.0,1000.0,1000.0,1000.0,1000.0,1000.0
2024-11-25,23:57:18,Snowville,2158.787066095768,2184.4182798388083,2058.7026080238843,1415.6698235434058,1000.0,1000.0,1000.0,1000.0,1000.0,1000.0,1000.0,1000.0
2024-11-27,00:20:48,Shanghai,2176.4760632912294,2192.586654373348,2046.5058863423303,1415.6698235434058,1000.0,1000.0,1000.0,1000.0,1000.0,1000.0,1000.0,1000.0
2024-11-27,00:24:57,Snowville,2185.395001452618,2207.9296734607938,2058.246241776097,1415.6698235434058,1000.0,1000.0,1000.0,1000.0,1000.0,1000.0,1000.0,1000.0
2024-11-27,00:29:16,Shanghai by Night,2201.634816363096,2214.9574797822456,2054.1650424119002,1415.6698235434058,1000.0,1000.0,1000.0,1000.0,1000.0,1000.0,1000.0,1000.0
2024-11-27,00:35:40,Shanghai by Night,2201.722397232074,2229.314675023185,2073.392255713061,1415.6698235434058,1000.0,1000.0,1000.0,1000.0,1000.0,1000.0,1000.0,1000.0
2024-11-27,00:47:41,Shanghai by Night,2202.1415174590293,2243.024951018351,2076.1798086676617,1415.6698235434058,1000.0,1000.0,1000.0,1000.0,1000.0,1000.0,1000.0,1000.0
2024-11-27,00:53:26,Snowville,2210.3106720336586,2256.0067189457554,2078.89603478419,1415.6698235434058,1000.0,1000.0,1000.0,1000.0,1000.0,1000.0,1000.0,1000.0
2024-11-27,00:58:21,Snowville,2218.159418400853,2268.407206262302,2074.0117371910296,1415.6698235434058,1000.0,1000.0,1000.0,1000.0,1000.0,1000.0,1000.0,1000.0
2024-11-27,01:04:50,Shanghai by Night,2225.6375876468624,2280.212831001654,2084.8453253056077,1415.6698235434058,1000.0,1000.0,1000.0,1000.0,1000.0,1000.0,1000.0,1000.0
2024-11-27,01:10:26,Shanghai,2232.914316792654,2291.598333048368,2095.093139904564,1415.6698235434058,1000.0,1000.0,1000.0,1000.0,1000.0,1000.0,1000.0,1000.0
2024-11-27,01:15:13,Snowville,2247.5977414267004,2294.9933036045973,2074.3979413955212,1415.6698235434058,1000.0,1000.0,1000.0,1000.0,1000.0,1000.0,1000.0,1000.0
2024-11-27,01:23:14,Shanghai by Night,2238.527035859164,2305.823695235129,2085.67548722311,1415.6698235434058,1000.0,1000.0,1000.0,1000.0,1000.0,1000.0,1000.0,1000.0
2024-11-27,23:49:36,Shanghai by Night,2222.563053777597,2316.142455980683,2096.1846810264533,1415.6698235434058,1000.0,1000.0,1000.0,1000.0,1000.0,1000.0,1000.0,1000.0
2024-11-27,23:54:56,Snowville,2238.0974737521396,2318.313451619985,2105.9080737951426,1415.6698235434058,1000.0,1000.0,1000.0,1000.0,1000.0,1000.0,1000.0,1000.0
2024-11-29,00:01:37,Snowville,2251.9977896867713,2319.640377712547,2104.826242424943,1415.6698235434058,1047.481925036476,1000.0,1000.0,1000.0,1000.0,1000.0,1000.0,1000.0
2024-11-29,00:04:08,Snowville,2265.212088985238,2313.0822357204656,2103.9604487560728,1415.6698235434058,1118.776420198455,1000.0,1000.0,1000.0,1000.0,1000.0,1000.0,1000.0
2024-11-29,00:11:49,Shanghai,2268.3165423414557,2321.765137867229,2108.388599978545,1415.6698235434058,1198.0002684782448,991.6771526260412,1000.0,1000.0,1000.0,1000.0,1000.0,1000.0
2024-11-29,00:14:06,Shanghai by Night,2271.4393062206436,2330.21186473969,2112.7134336767413,1415.6698235434058,1274.4593919861372,1033.6608365515021,1000.0,1000.0,1000.0,1000.0,1000.0,1000.0
2024-11-29,00:20:13,Shanghai,2281.180137482752,2321.4536274873344,2082.3210793030266,1415.6698235434058,1377.9991102262038,1087.275322681104,984.8869301416983,1000.0,1000.0,1000.0,1000.0,1000.0
2024-11-29,00:22:33,Shanghai by Night,2274.2972406781114,2320.8246545045727,2077.108570779853,1415.6698235434058,1387.3396403386748,1235.2299069399976,1021.7450224044909,1000.0,1000.0,1000.0,1000.0,1000.0
2024-11-29,00:29:50,Shanghai,2251.6529188822865,2328.0859462801923,2088.0330676353165,1415.6698235434058,1413.7918041463406,1232.7375509105048,1013.4714913272959,1000.0,1000.0,1000.0,1000.0,1000.0
2024-11-29,00:31:07,Shanghai by Night,2253.8926596757374,2334.967267986997,2090.4271249403796,1415.6698235434058,1431.753222400684,1240.1085264808232,1029.7057481441718,1000.0,1000.0,1000.0,1000.0,1000.0
2024-11-30,23:40:10,Shanghai,2253.8926596757374,2339.836471096529,2090.4271249403796,1415.6698235434058,1461.3059616244768,1240.1085264808232,1029.7057481441718,1089.0770638133358,1000.0,1000.0,1000.0,1000.0
2024-11-30,23:41:16,Snowville,2253.8926596757374,2344.597362233492,2090.4271249403796,1415.6698235434058,1483.2194558729034,1240.1085264808232,1029.7057481441718,1154.4669109977087,1000.0,1000.0,1000.0,1000.0
2024-11-30,23:42:14,Shanghai by Night,2253.8926596757374,2349.2537073233348,2090.4271249403796,1415.6698235434058,1520.3158926617748,1240.1085264808232,1029.7057481441718,1241.7863487043383,1000.0,1000.0,1000.0,1000.0
2024-11-30,23:43:00,Shanghai by Night,2253.8926596757374,2353.81855030908,2090.4271249403796,1415.6698235434058,1542.0660090526071,1240.1085264808232,1029.7057481441718,1304.8964447633866,1000.0,1000.0,1000.0,1000.0
2024-11-30,23:46:49,Snowville,2253.8926596757374,2357.6061569993026,2090.4271249403796,1415.6698235434058,1574.5782584961323,1259.1809636870612,1029.7057481441718,1379.7961245567174,1000.0,1000.0,1000.0,1000.0
2024-11-30,23:49:41,Shanghai,2253.8926596757374,2360.447654938511,2090.4271249403796,1415.6698235434058,1599.8749402608278,1248.5505837439741,1029.7057481441718,1372.6381747567534,1063.892787257195,1000.0,1000.0,1000.0
2024-11-30,23:51:30,Snowville,2253.8926596757374,2347.3086658909006,2090.4271249403796,1415.6698235434058,1632.484456054803,1286.59935191331,1029.7057481441718,1374.059393024384,1124.686402055277,1000.0,1000.0,1000.0
2024-11-30,23:53:00,Shanghai by Night,2253.8926596757374,2350.344984033686,2090.4271249403796,1415.6698235434058,1656.5449162462794,1316.3883263760936,1029.7057481441718,1392.4159352267982,1111.6223693155166,1000.0,1000.0,1000.0
2024-12-01,18:38:12,Snowville,2253.8926596757374,2354.033442291839,2090.4271249403796,1435.4023363884467,1656.5449162462794,1316.3883263760936,1029.7057481441718,1392.4159352267982,1111.6223693155166,1000.0,1000.0,1000.0
2024-12-01,18:38:43,Snowville,2261.225222170171,2354.033442291839,2090.1965233298183,1435.4023363884467,1656.5449162462794,1316.3883263760936,1029.7057481441718,1392.4159352267982,1111.6223693155166,1000.0,1000.0,1000.0
2024-12-01,18:39:18,Snowville,2257.913924902338,2354.033442291839,2100.420877764066,1435.4023363884467,1656.5449162462794,1316.3883263760936,1029.7057481441718,1392.4159352267982,1111.6223693155166,1000.0,1000.0,1000.0
2024-12-01,18:39:54,Shanghai,2254.773292669095,2354.033442291839,2115.337424445951,1435.4023363884467,1656.5449162462794,1316.3883263760936,1029.7057481441718,1392.4159352267982,1111.6223693155166,1000.0,1000.0,1000.0
2024-12-01,18:40:21,Shanghai,2257.031254770013,2354.033442291839,2129.5317562015402,1435.4023363884467,1656.5449162462794,1316.3883263760936,1029.7057481441718,1392.4159352267982,1111.6223693155166,1000.0,1000.0,1000.0
2024-12-01,18:41:30,Shanghai by Night,2248.9050314689944,2354.033442291839,2122.284499651083,1435.4023363884467,1656.5449162462794,1316.3883263760936,1029.7057481441718,1392.4159352267982,1111.6223693155166,1000.0,1000.0,1000.0
2024-12-01,18:43:07,Shanghai by Night,2235.8083331634944,2354.033442291839,2120.517616504337,1435.4023363884467,1656.5449162462794,1316.3883263760936,1029.7057481441718,1392.4159352267982,1111.6223693155166,1000.0,1000.0,1000.0
2024-12-01,18:43:41,Snowville,2243.9612790972083,2354.033442291839,2113.5458361846204,1435.4023363884467,1656.5449162462794,1316.3883263760936,1029.7057481441718,1392.4159352267982,1111.6223693155166,1000.0,1000.0,1000.0
2024-12-01,18:44:07,Shanghai by Night,2243.9612790972083,2354.033442291839,2116.894354486136,1435.4023363884467,1656.5449162462794,1316.3883263760936,1029.7057481441718,1392.4159352267982,1111.6223693155166,1000.0,1000.0,1000.0
2024-12-01,18:44:34,Snowville,2243.9612790972083,2354.033442291839,2117.770204837588,1435.4023363884467,1656.5449162462794,1316.3883263760936,1029.7057481441718,1392.4159352267982,1111.6223693155166,1000.0,1000.0,1000.0
2024-12-01,18:45:13,Shanghai,2243.9612790972083,2354.033442291839,2121.0271222403744,1435.4023363884467,1656.5449162462794,1316.3883263760936,1029.7057481441718,1392.4159352267982,1111.6223693155166,1000.0,1000.0,1000.0
2024-12-02,22:12:44,Snowville,2258.9261091121734,2355.024095619091,2129.579570811858,1435.4023363884467,1656.5449162462794,1316.3883263760936,1029.7057481441718,1392.4159352267982,1111.6223693155166,1000.0,1000.0,1000.0
2024-12-02,22:18:18,Shanghai,2265.584563684809,2363.787874792933,2137.726841808184,1435.4023363884467,1656.5449162462794,1316.3883263760936,1029.7057481441718,1392.4159352267982,1111.6223693155166,1000.0,1000.0,1000.0
2024-12-02,22:23:04,Shanghai,2249.262673570648,2357.1348967354265,2137.8788118353714,1435.4023363884467,1656.5449162462794,1316.3883263760936,1029.7057481441718,1392.4159352267982,1111.6223693155166,1000.0,1000.0,1000.0
2024-12-02,22:27:42,Snowville,2264.136800751227,2342.9798178043466,2130.212643562328,1435.4023363884467,1656.5449162462794,1316.3883263760936,1029.7057481441718,1392.4159352267982,1111.6223693155166,1000.0,1000.0,1000.0
2024-12-02,23:35:28,Shanghai,2270.4051145575013,2337.090967004025,2123.0778241136677,1435.4023363884467,1656.5449162462794,1316.3883263760936,1029.7057481441718,1392.4159352267982,1111.6223693155166,1000.0,1000.0,1000.0
2024-12-02,23:36:14,Shanghai,2283.8216536774185,2323.859540176719,2116.420117490415,1435.4023363884467,1656.5449162462794,1316.3883263760936,1029.7057481441718,1392.4159352267982,1111.6223693155166,1000.0,1000.0,1000.0
2024-12-02,23:37:00,Shanghai,2288.762122025986,2334.090505282564,2117.8156509064816,1435.4023363884467,1656.5449162462794,1316.3883263760936,1029.7057481441718,1392.4159352267982,1111.6223693155166,1000.0,1000.0,1000.0
2024-12-02,23:38:00,Snowville,2278.382473128831,2343.9419491105705,2126.84182188227,1435.4023363884467,1656.5449162462794,1316.3883263760936,1029.7057481441718,1392.4159352267982,1111.6223693155166,1000.0,1000.0,1000.0
2024-12-02,23:38:54,Shanghai by Night,2291.501405227062,2338.136740985802,2142.8647706529655,1435.4023363884467,1656.5449162462794,1316.3883263760936,1029.7057481441718,1392.4159352267982,1111.6223693155166,1000.0,1000.0,1000.0
2024-12-02,23:39:34,Shanghai,2296.454778430163,2332.841331757311,2165.5337899973356,1435.4023363884467,1656.5449162462794,1316.3883263760936,1029.7057481441718,1392.4159352267982,1111.6223693155166,1000.0,1000.0,1000.0
2024-12-02,23:40:16,Shanghai by Night,2301.320854964337,2328.020134183974,2186.77757256733,1435.4023363884467,1656.5449162462794,1316.3883263760936,1029.7057481441718,1392.4159352267982,1111.6223693155166,1000.0,1000.0,1000.0
2024-12-03,22:54:26,Snowville,2301.320854964337,2333.7188866631873,2193.1178193513188,1435.4023363884467,1656.5449162462794,1316.3883263760936,1029.7057481441718,1392.4159352267982,1111.6223693155166,1000.0,1000.0,1000.0
2024-12-03,22:54:57,Snowville,2301.320854964337,2339.3062839140216,2199.239914712717,1435.4023363884467,1656.5449162462794,1316.3883263760936,1029.7057481441718,1392.4159352267982,1111.6223693155166,1000.0,1000.0,1000.0
2024-12-03,22:55:28,Shanghai by Night,2301.320854964337,2344.786609751306,2199.95560873406,1435.4023363884467,1656.5449162462794,1316.3883263760936,1029.7057481441718,1392.4159352267982,1111.6223693155166,1000.0,1000.0,1000.0
2024-12-03,22:56:38,Snowville,2301.320854964337,2350.130856945702,2200.6780865263077,1435.4023363884467,1656.5449162462794,1316.3883263760936,1029.7057481441718,1392.4159352267982,1111.6223693155166,1000.0,1000.0,1000.0
2024-12-03,22:57:10,Shanghai,2301.320854964337,2355.3452805702755,2206.6059575540207,1435.4023363884467,1656.5449162462794,1316.3883263760936,1029.7057481441718,1392.4159352267982,1111.6223693155166,1000.0,1000.0,1000.0
2024-12-03,22:57:46,Shanghai by Night,2301.320854964337,2355.268108103109,2201.937151577206,1435.4023363884467,1656.5449162462794,1316.3883263760936,1029.7057481441718,1392.4159352267982,1111.6223693155166,1000.0,1000.0,1000.0
2024-12-03,22:58:21,Shanghai,2301.320854964337,2349.963735461527,2197.4480489760035,1435.4023363884467,1656.5449162462794,1316.3883263760936,1029.7057481441718,1392.4159352267982,1111.6223693155166,1000.0,1000.0,1000.0
2024-12-03,22:59:02,Snowville,2301.320854964337,2344.7621902953747,2203.501190845103,1435.4023363884467,1656.5449162462794,1316.3883263760936,1029.7057481441718,1392.4159352267982,1111.6223693155166,1000.0,1000.0,1000.0
2024-12-03,23:00:04,Snowville,2301.320854964337,2334.529556963841,2204.0853818451446,1435.4023363884467,1656.5449162462794,1316.3883263760936,1029.7057481441718,1392.4159352267982,1111.6223693155166,1000.0,1000.0,1000.0
2024-12-03,23:00:39,Shanghai,2301.320854964337,2340.1662789351644,2209.7809115285754,1435.4023363884467,1656.5449162462794,1316.3883263760936,1029.7057481441718,1392.4159352267982,1111.6223693155166,1000.0,1000.0,1000.0
2024-12-03,23:01:06,Shanghai,2301.320854964337,2335.2923245660095,2220.4932261732038,1435.4023363884467,1656.5449162462794,1316.3883263760936,1029.7057481441718,1392.4159352267982,1111.6223693155166,1000.0,1000.0,1000.0
2024-12-03,23:01:54,Shanghai,2301.320854964337,2320.217473756959,2215.167131273979,1435.4023363884467,1656.5449162462794,1316.3883263760936,1029.7057481441718,1392.4159352267982,1111.6223693155166,1000.0,1000.0,1000.0
2024-12-03,23:02:43,Shanghai by Night,2301.320854964337,2326.318216031505,2209.940153833658,1435.4023363884467,1656.5449162462794,1316.3883263760936,1029.7057481441718,1392.4159352267982,1111.6223693155166,1000.0,1000.0,1000.0
2024-12-04,23:15:44,Shanghai,2301.320854964337,2326.318216031505,2213.803554449482,1435.4023363884467,1656.5449162462794,1316.3883263760936,1029.7057481441718,1392.4159352267982,1111.6223693155166,1000.0,1000.0,1000.0
2024-12-04,23:16:01,Shanghai,2301.320854964337,2326.318216031505,2215.2011911135623,1435.4023363884467,1656.5449162462794,1316.3883263760936,1029.7057481441718,1392.4159352267982,1111.6223693155166,1000.0,1000.0,1000.0
2024-12-04,23:17:09,Snowville,2301.320854964337,2332.250051510043,2204.8144218348907,1435.4023363884467,1656.5449162462794,1316.3883263760936,1029.7057481441718,1392.4159352267982,1111.6223693155166,1000.0,1000.0,1000.0
2024-12-04,23:17:45,Shanghai,2301.320854964337,2327.5521335657068,2215.6666929669022,1435.4023363884467,1656.5449162462794,1316.3883263760936,1029.7057481441718,1392.4159352267982,1111.6223693155166,1000.0,1000.0,1000.0
2024-12-04,23:18:20,Shanghai,2301.320854964337,2323.0533547385267,2226.0705686723772,1435.4023363884467,1656.5449162462794,1316.3883263760936,1029.7057481441718,1392.4159352267982,1111.6223693155166,1000.0,1000.0,1000.0
2024-12-04,23:18:47,Snowville,2301.320854964337,2313.5499019908784,2225.652823644127,1435.4023363884467,1656.5449162462794,1316.3883263760936,1029.7057481441718,1392.4159352267982,1111.6223693155166,1000.0,1000.0,1000.0
2024-12-04,23:19:13,Shanghai by Night,2301.320854964337,2309.5128465672433,2219.98431012674,1435.4023363884467,1656.5449162462794,1316.3883263760936,1029.7057481441718,1392.4159352267982,1111.6223693155166,1000.0,1000.0,1000.0
2024-12-04,23:19:33,Shanghai by Night,2301.320854964337,2310.75302966754,2230.100282330772,1435.4023363884467,1656.5449162462794,1316.3883263760936,1029.7057481441718,1392.4159352267982,1111.6223693155166,1000.0,1000.0,1000.0
2024-12-04,23:20:13,Shanghai by Night,2301.320854964337,2312.028400320951,2229.447098953048,1435.4023363884467,1656.5449162462794,1316.3883263760936,1029.7057481441718,1392.4159352267982,1111.6223693155166,1000.0,1000.0,1000.0
2024-12-04,23:20:38,Shanghai,2301.320854964337,2318.4620738728704,2234.027067175582,1435.4023363884467,1656.5449162462794,1316.3883263760936,1029.7057481441718,1392.4159352267982,1111.6223693155166,1000.0,1000.0,1000.0
2024-12-04,23:21:27,Snowville,2301.320854964337,2319.5434633861278,2233.284388605815,1435.4023363884467,1656.5449162462794,1316.3883263760936,1029.7057481441718,1392.4159352267982,1111.6223693155166,1000.0,1000.0,1000.0
2024-12-04,23:21:50,Shanghai by Night,2301.320854964337,2320.588963084032,2242.976439365177,1435.4023363884467,1656.5449162462794,1316.3883263760936,1029.7057481441718,1392.4159352267982,1111.6223693155166,1000.0,1000.0,1000.0
2024-12-04,23:22:38,Snowville,2301.320854964337,2316.473528243974,2231.5261497020942,1435.4023363884467,1656.5449162462794,1316.3883263760936,1029.7057481441718,1392.4159352267982,1111.6223693155166,1000.0,1000.0,1000.0
2024-12-04,23:23:01,Snowville,2301.320854964337,2317.5939261523176,2241.2609532827955,1435.4023363884467,1656.5449162462794,1316.3883263760936,1029.7057481441718,1392.4159352267982,1111.6223693155166,1000.0,1000.0,1000.0
2024-12-04,23:23:58,Snowville,2298.948566917379,2299.055505025064,2250.3177939275442,1435.4023363884467,1656.5449162462794,1316.3883263760936,1029.7057481441718,1392.4159352267982,1111.6223693155166,1000.0,1000.0,1000.0
2024-12-04,23:24:49,Shanghai by Night,2288.988062240415,2296.6885036167314,2266.248988169092,1435.4023363884467,1656.5449162462794,1316.3883263760936,1029.7057481441718,1392.4159352267982,1111.6223693155166,1000.0,1000.0,1000.0
2024-12-04,23:25:28,Shanghai,2294.876795291219,2294.502915349627,2281.1784393490766,1435.4023363884467,1656.5449162462794,1316.3883263760936,1029.7057481441718,1392.4159352267982,1111.6223693155166,1000.0,1000.0,1000.0
2024-12-04,23:26:18,Snowville,2285.4053213381435,2277.4544112422545,2280.15900768465,1435.4023363884467,1656.5449162462794,1316.3883263760936,1029.7057481441718,1392.4159352267982,1111.6223693155166,1000.0,1000.0,1000.0
2024-12-04,23:27:47,Shanghai by Night,2283.819561767701,2268.7693580161554,2263.702807806827,1435.4023363884467,1656.5449162462794,1316.3883263760936,1029.7057481441718,1392.4159352267982,1111.6223693155166,1000.0,1000.0,1000.0
2024-12-04,23:28:34,Shanghai by Night,2274.441093974153,2252.7473282838187,2270.8087573158673,1435.4023363884467,1656.5449162462794,1316.3883263760936,1029.7057481441718,1392.4159352267982,1111.6223693155166,1000.0,1000.0,1000.0
2024-12-04,23:29:20,Shanghai,2265.4556559265407,2267.9729247175524,2269.6556885489604,1435.4023363884467,1656.5449162462794,1316.3883263760936,1029.7057481441718,1392.4159352267982,1111.6223693155166,1000.0,1000.0,1000.0
2024-12-04,23:29:50,Snowville,2279.9035326667945,2267.057919252064,2276.232216688074,1435.4023363884467,1656.5449162462794,1316.3883263760936,1029.7057481441718,1392.4159352267982,1111.6223693155166,1000.0,1000.0,1000.0
2024-12-05,23:05:39,Shanghai,2279.9035326667945,2267.057919252064,2276.677581441485,1435.4023363884467,1656.5449162462794,1316.3883263760936,1029.7057481441718,1392.4159352267982,1111.6223693155166,1000.0,1000.0,1000.0
2024-12-05,23:05:53,Snowville,2279.9035326667945,2267.057919252064,2279.5168920824462,1435.4023363884467,1656.5449162462794,1316.3883263760936,1029.7057481441718,1392.4159352267982,1111.6223693155166,1000.0,1000.0,1000.0
2024-12-05,23:06:03,Snowville,2279.9035326667945,2267.057919252064,2282.3178473395847,1435.4023363884467,1656.5449162462794,1316.3883263760936,1029.7057481441718,1392.4159352267982,1111.6223693155166,1000.0,1000.0,1000.0
2024-12-05,23:06:17,Shanghai,2279.9035326667945,2267.057919252064,2282.6813725543707,1435.4023363884467,1656.5449162462794,1316.3883263760936,1029.7057481441718,1392.4159352267982,1111.6223693155166,1000.0,1000.0,1000.0
2024-12-05,23:06:30,Snowville,2279.9035326667945,2267.057919252064,2285.44006943327,1435.4023363884467,1656.5449162462794,1316.3883263760936,1029.7057481441718,1392.4159352267982,1111.6223693155166,1000.0,1000.0,1000.0
2024-12-05,23:06:52,Shanghai,2279.9035326667945,2267.057919252064,2285.7623460554883,1435.4023363884467,1656.5449162462794,1316.3883263760936,1029.7057481441718,1392.4159352267982,1111.6223693155166,1000.0,1000.0,1000.0
2024-12-05,23:08:43,Snowville,2279.9035326667945,2267.057919252064,2288.4803933866965,1435.4023363884467,1656.5449162462794,1316.3883263760936,1029.7057481441718,1392.4159352267982,1111.6223693155166,1000.0,1000.0,1000.0
2024-12-05,23:08:56,Snowville,2279.9035326667945,2267.057919252064,2291.162982052509,1435.4023363884467,1656.5449162462794,1316.3883263760936,1029.7057481441718,1392.4159352267982,1111.6223693155166,1000.0,1000.0,1000.0
2024-12-05,23:09:16,Snowville,2279.9035326667945,2275.358134815095,2288.100524708609,1435.4023363884467,1656.5449162462794,1316.3883263760936,1029.7057481441718,1392.4159352267982,1111.6223693155166,1000.0,1000.0,1000.0
2024-12-05,23:09:47,Shanghai,2279.9035326667945,2272.959819233603,2279.9963227077005,1435.4023363884467,1656.5449162462794,1316.3883263760936,1029.7057481441718,1392.4159352267982,1111.6223693155166,1000.0,1000.0,1000.0
2024-12-05,23:10:11,Snowville,2279.9035326667945,2280.9799161826427,2282.533495470943,1435.4023363884467,1656.5449162462794,1316.3883263760936,1029.7057481441718,1392.4159352267982,1111.6223693155166,1000.0,1000.0,1000.0
2024-12-05,23:10:47,Shanghai by Night,2279.9035326667945,2283.556913985067,2274.648809790734,1435.4023363884467,1656.5449162462794,1316.3883263760936,1029.7057481441718,1392.4159352267982,1111.6223693155166,1000.0,1000.0,1000.0
2024-12-05,23:11:38,Shanghai by Night,2279.9035326667945,2285.99201496948,2282.639835023899,1435.4023363884467,1656.5449162462794,1316.3883263760936,1029.7057481441718,1392.4159352267982,1111.6223693155166,1000.0,1000.0,1000.0
2024-12-05,23:12:05,Shanghai by Night,2279.9035326667945,2288.4091408378054,2279.989238107598,1435.4023363884467,1656.5449162462794,1316.3883263760936,1029.7057481441718,1392.4159352267982,1111.6223693155166,1000.0,1000.0,1000.0
2024-12-05,23:12:28,Shanghai by Night,2279.9035326667945,2280.329811398663,2277.4422342829034,1435.4023363884467,1656.5449162462794,1316.3883263760936,1029.7057481441718,1392.4159352267982,1111.6223693155166,1000.0,1000.0,1000.0
2024-12-05,23:12:57,Shanghai by Night,2279.9035326667945,2282.889725127953,2274.917588757063,1435.4023363884467,1656.5449162462794,1316.3883263760936,1029.7057481441718,1392.4159352267982,1111.6223693155166,1000.0,1000.0,1000.0
2024-12-06,15:35:50,Shanghai by Night,2273.0992971009136,2282.889725127953,2274.917588757063,1435.4023363884467,1656.5449162462794,1316.3883263760936,1029.7057481441718,1392.4159352267982,1111.6223693155166,1000.0,1000.0,1000.0
2024-12-06,15:44:52,Shanghai,2273.587540161113,2282.889725127953,2274.917588757063,1435.4023363884467,1656.5449162462794,1316.3883263760936,1029.7057481441718,1392.4159352267982,1111.6223693155166,1000.0,1000.0,1000.0
2024-12-06,15:50:18,Shanghai by Night,2271.6690674228385,2282.889725127953,2274.917588757063,1435.4023363884467,1656.5449162462794,1316.3883263760936,1029.7057481441718,1392.4159352267982,1111.6223693155166,1000.0,1000.0,1000.0
2024-12-06,15:56:01,Shanghai,2272.1770547095866,2282.889725127953,2274.917588757063,1435.4023363884467,1656.5449162462794,1316.3883263760936,1029.7057481441718,1392.4159352267982,1111.6223693155166,1000.0,1000.0,1000.0
2024-12-06,16:01:31,Shanghai,2270.2780170717833,2282.889725127953,2274.917588757063,1435.4023363884467,1656.5449162462794,1316.3883263760936,1029.7057481441718,1392.4159352267982,1111.6223693155166,1000.0,1000.0,1000.0
2024-12-06,16:08:33,Shanghai,2273.205309943275,2282.889725127953,2274.917588757063,1435.4023363884467,1656.5449162462794,1316.3883263760936,1029.7057481441718,1392.4159352267982,1111.6223693155166,1000.0,1000.0,1000.0
2024-12-06,16:14:41,Shanghai by Night,2276.0920937401834,2282.889725127953,2274.917588757063,1435.4023363884467,1656.5449162462794,1316.3883263760936,1029.7057481441718,1392.4159352267982,1111.6223693155166,1000.0,1000.0,1000.0
2024-12-06,16:22:15,Snowville,2276.5393653936553,2282.889725127953,2274.917588757063,1435.4023363884467,1656.5449162462794,1316.3883263760936,1029.7057481441718,1392.4159352267982,1111.6223693155166,1000.0,1000.0,1000.0
2024-12-06,16:27:54,Snowville,2279.3805537900334,2282.889725127953,2274.917588757063,1435.4023363884467,1656.5449162462794,1316.3883263760936,1029.7057481441718,1392.4159352267982,1111.6223693155166,1000.0,1000.0,1000.0
2024-12-06,16:32:52,Shanghai by Night,2277.3833412874556,2282.889725127953,2274.917588757063,1435.4023363884467,1656.5449162462794,1316.3883263760936,1029.7057481441718,1392.4159352267982,1111.6223693155166,1000.0,1000.0,1000.0
2024-12-06,16:38:33,Shanghai by Night,2280.2130791297254,2282.889725127953,2274.917588757063,1435.4023363884467,1656.5449162462794,1316.3883263760936,1029.7057481441718,1392.4159352267982,1111.6223693155166,1000.0,1000.0,1000.0
2024-12-06,16:43:48,Shanghai,2283.0046933157764,2282.889725127953,2274.917588757063,1435.4023363884467,1656.5449162462794,1316.3883263760936,1029.7057481441718,1392.4159352267982,1111.6223693155166,1000.0,1000.0,1000.0
2024-12-06,16:49:16,Snowville,2283.359101551186,2282.889725127953,2274.917588757063,1435.4023363884467,1656.5449162462794,1316.3883263760936,1029.7057481441718,1392.4159352267982,1111.6223693155166,1000.0,1000.0,1000.0
2024-12-06,17:09:41,Snowville,2283.7088149468,2282.889725127953,2274.917588757063,1435.4023363884467,1656.5449162462794,1316.3883263760936,1029.7057481441718,1392.4159352267982,1111.6223693155166,1000.0,1000.0,1000.0
2024-12-06,22:20:08,Shanghai,2283.7088149468,2288.047149549083,2274.917588757063,1444.5985693773373,1656.5449162462794,1316.3883263760936,1029.7057481441718,1392.4159352267982,1111.6223693155166,1000.0,1000.0,1000.0
2024-12-06,22:21:18,Shanghai by Night,2283.7088149468,2293.079729871009,2274.917588757063,1469.3330651381439,1656.5449162462794,1316.3883263760936,1029.7057481441718,1392.4159352267982,1111.6223693155166,1000.0,1000.0,1000.0
2024-12-06,22:21:40,Shanghai by Night,2283.7088149468,2297.996800521568,2274.917588757063,1488.6837197266127,1656.5449162462794,1316.3883263760936,1029.7057481441718,1392.4159352267982,1111.6223693155166,1000.0,1000.0,1000.0
2024-12-06,22:22:23,Snowville,2283.7088149468,2302.8024895085173,2274.917588757063,1513.0733164304002,1656.5449162462794,1316.3883263760936,1029.7057481441718,1392.4159352267982,1111.6223693155166,1000.0,1000.0,1000.0
2024-12-06,22:22:54,Shanghai,2283.7088149468,2302.303482888895,2274.917588757063,1526.8352238715684,1656.5449162462794,1316.3883263760936,1029.7057481441718,1392.4159352267982,1111.6223693155166,1000.0,1000.0,1000.0
2024-12-06,22:23:33,Shanghai by Night,2283.7088149468,2307.0204640945367,2274.917588757063,1545.6545332593387,1656.5449162462794,1316.3883263760936,1029.7057481441718,1392.4159352267982,1111.6223693155166,1000.0,1000.0,1000.0
2024-12-06,22:23:51,Shanghai by Night,2283.7088149468,2311.635819377302,2274.917588757063,1569.4640279371517,1656.5449162462794,1316.3883263760936,1029.7057481441718,1392.4159352267982,1111.6223693155166,1000.0,1000.0,1000.0
2024-12-06,22:24:19,Shanghai,2283.7088149468,2310.9562559576784,2274.917588757063,1577.377952500027,1656.5449162462794,1316.3883263760936,1029.7057481441718,1392.4159352267982,1111.6223693155166,1000.0,1000.0,1000.0
2024-12-06,22:24:48,Shanghai by Night,2283.7088149468,2315.495210943953,2274.917588757063,1595.5848430381432,1656.5449162462794,1316.3883263760936,1029.7057481441718,1392.4159352267982,1111.6223693155166,1000.0,1000.0,1000.0
2024-12-06,22:25:23,Snowville,2283.7088149468,2314.741202072669,2274.917588757063,1613.5321663753336,1656.5449162462794,1316.3883263760936,1029.7057481441718,1392.4159352267982,1111.6223693155166,1000.0,1000.0,1000.0
2024-12-06,22:57:28,Shanghai,2283.7088149468,2322.8973740769516,2261.0496790253205,1650.255607866271,1656.5449162462794,1316.3883263760936,1100.2962469095953,1392.4159352267982,1111.6223693155166,1000.0,1000.0,1000.0
2024-12-06,22:58:16,Shanghai,2283.7088149468,2331.1589209069925,2264.845335215875,1650.255607866271,1656.5449162462794,1316.3883263760936,1130.467210012252,1392.4159352267982,1111.6223693155166,1000.0,1000.0,1000.0
2024-12-06,22:59:32,Shanghai,2283.7088149468,2332.1057847570223,2273.513870225695,1650.255607866271,1656.5449162462794,1316.3883263760936,1130.467210012252,1392.4159352267982,1111.6223693155166,1000.0,1000.0,1000.0
2024-12-06,23:00:21,Shanghai,2283.7088149468,2332.1057847570223,2269.1964100258524,1650.255607866271,1656.5449162462794,1316.3883263760936,1130.467210012252,1392.4159352267982,1111.6223693155166,1000.0,1000.0,1000.0
2024-12-06,23:01:37,Snowville,2283.7088149468,2332.1057847570223,2267.338783672189,1650.255607866271,1656.5449162462794,1316.3883263760936,1130.467210012252,1392.4159352267982,1111.6223693155166,1000.0,1000.0,1000.0
2024-12-06,23:02:01,Shanghai by Night,2283.7088149468,2332.1057847570223,2267.907200772872,1650.255607866271,1656.5449162462794,1316.3883263760936,1130.467210012252,1392.4159352267982,1111.6223693155166,1000.0,1000.0,1000.0
2024-12-06,23:02:24,Shanghai by Night,2283.7088149468,2332.1057847570223,2270.867629639519,1650.255607866271,1656.5449162462794,1316.3883263760936,1130.467210012252,1392.4159352267982,1111.6223693155166,1000.0,1000.0,1000.0
2024-12-06,23:02:43,Snowville,2283.7088149468,2332.1057847570223,2271.386727298602,1650.255607866271,1656.5449162462794,1316.3883263760936,1130.467210012252,1392.4159352267982,1111.6223693155166,1000.0,1000.0,1000.0
2024-12-06,23:02:59,Shanghai by Night,2283.7088149468,2332.1057847570223,2274.2986248612815,1650.255607866271,1656.5449162462794,1316.3883263760936,1130.467210012252,1392.4159352267982,1111.6223693155166,1000.0,1000.0,1000.0
2024-12-06,23:03:26,Shanghai,2283.7088149468,2332.1057847570223,2277.1703932894957,1650.255607866271,1656.5449162462794,1316.3883263760936,1130.467210012252,1392.4159352267982,1111.6223693155166,1000.0,1000.0,1000.0
2024-12-06,23:03:40,Shanghai,2283.7088149468,2332.1057847570223,2275.2030168055326,1650.255607866271,1656.5449162462794,1316.3883263760936,1130.467210012252,1392.4159352267982,1111.6223693155166,1000.0,1000.0,1000.0
2024-12-07,20:36:58,Snowville,2283.7088149468,2332.1057847570223,2273.2624114035375,1650.255607866271,1656.5449162462794,1316.3883263760936,1130.467210012252,1392.4159352267982,1111.6223693155166,1000.0,1000.0,1000.0
2024-12-07,20:37:15,Shanghai,2283.7088149468,2332.1057847570223,2268.9484094428744,1650.255607866271,1656.5449162462794,1316.3883263760936,1130.467210012252,1392.4159352267982,1111.6223693155166,1000.0,1000.0,1000.0
2024-12-07,20:37:27,Snowville,2283.7088149468,2332.1057847570223,2271.8942495570277,1650.255607866271,1656.5449162462794,1316.3883263760936,1130.467210012252,1392.4159352267982,1111.6223693155166,1000.0,1000.0,1000.0
2024-12-07,20:37:56,Shanghai,2283.7088149468,2332.1057847570223,2272.3991211557363,1650.255607866271,1656.5449162462794,1316.3883263760936,1130.467210012252,1392.4159352267982,1111.6223693155166,1000.0,1000.0,1000.0
2024-12-07,20:38:09,Snowville,2283.7088149468,2332.1057847570223,2275.297016795691,1650.255607866271,1656.5449162462794,1316.3883263760936,1130.467210012252,1392.4159352267982,1111.6223693155166,1000.0,1000.0,1000.0
2024-12-07,20:38:51,Snowville,2283.7088149468,2338.302466957296,2273.2263114295683,1650.255607866271,1656.5449162462794,1316.3883263760936,1130.467210012252,1392.4159352267982,1111.6223693155166,1000.0,1000.0,1000.0
2024-12-07,20:39:35,Snowville,2283.7088149468,2339.11592382385,2266.068319383639,1650.255607866271,1656.5449162462794,1316.3883263760936,1130.467210012252,1392.4159352267982,1111.6223693155166,1000.0,1000.0,1000.0
2024-12-07,20:40:29,Shanghai,2283.7088149468,2339.39426699331,2262.4237594796705,1668.2239713322117,1656.5449162462794,1316.3883263760936,1130.467210012252,1392.4159352267982,1111.6223693155166,1000.0,1000.0,1000.0
2024-12-07,20:41:20,Shanghai by Night,2283.7088149468,2347.239867377015,2266.5648377727143,1700.9251940388976,1656.5449162462794,1316.3883263760936,1130.467210012252,1392.4159352267982,1111.6223693155166,1000.0,1000.0,1000.0
2024-12-07,20:41:54,Snowville,2283.7088149468,2347.2869686830236,2255.4526473307887,1717.5002176583973,1656.5449162462794,1316.3883263760936,1130.467210012252,1392.4159352267982,1111.6223693155166,1000.0,1000.0,1000.0
2024-12-07,20:42:58,Snowville,2283.7088149468,2339.6356419057674,2267.663870433692,1756.3289944535832,1656.5449162462794,1316.3883263760936,1130.467210012252,1392.4159352267982,1111.6223693155166,1000.0,1000.0,1000.0
2024-12-07,20:43:37,Shanghai,2283.7088149468,2347.6271460279067,2271.7242607251887,1786.1921284591906,1656.5449162462794,1316.3883263760936,1130.467210012252,1392.4159352267982,1111.6223693155166,1000.0,1000.0,1000.0
2024-12-07,20:44:15,Shanghai by Night,2283.7088149468,2355.4239228599413,2275.7550775561986,1814.875983278238,1656.5449162462794,1316.3883263760936,1130.467210012252,1392.4159352267982,1111.6223693155166,1000.0,1000.0,1000.0
2024-12-07,20:46:22,Shanghai by Night,2283.7088149468,2355.440936837352,2287.362218295286,1842.315184348398,1656.5449162462794,1316.3883263760936,1130.467210012252,1392.4159352267982,1111.6223693155166,1000.0,1000.0,1000.0
2024-12-07,20:46:57,Shanghai by Night,2283.7088149468,2363.2314202593693,2283.342478851031,1876.0703130099248,1656.5449162462794,1316.3883263760936,1130.467210012252,1392.4159352267982,1111.6223693155166,1000.0,1000.0,1000.0
2024-12-07,20:47:47,Shanghai by Night,2291.4040923320495,2363.2314202593693,2275.4522395586873,1876.0703130099248,1656.5449162462794,1316.3883263760936,1130.467210012252,1392.4159352267982,1111.6223693155166,1000.0,1000.0,1000.0
2024-12-07,20:48:31,Shanghai by Night,2305.5867724896416,2358.0959865022924,2283.0267156980344,1876.0703130099248,1656.5449162462794,1316.3883263760936,1130.467210012252,1392.4159352267982,1111.6223693155166,1000.0,1000.0,1000.0
2024-12-07,20:49:00,Shanghai,2319.0926708832726,2353.4080397147354,2290.311174778457,1876.0703130099248,1656.5449162462794,1316.3883263760936,1130.467210012252,1392.4159352267982,1111.6223693155166,1000.0,1000.0,1000.0
2024-12-07,20:50:24,Shanghai,2324.3748430684636,2364.345646816032,2289.7220843402733,1876.0703130099248,1656.5449162462794,1316.3883263760936,1130.467210012252,1392.4159352267982,1111.6223693155166,1000.0,1000.0,1000.0
2024-12-07,20:51:44,Snowville,2337.119022930724,2352.0620440852917,2289.3350980751197,1876.0703130099248,1656.5449162462794,1316.3883263760936,1130.467210012252,1392.4159352267982,1111.6223693155166,1000.0,1000.0,1000.0
2024-12-07,20:52:22,Snowville,2349.1350622394934,2348.0445335780714,2296.5758727752873,1876.0703130099248,1656.5449162462794,1316.3883263760936,1130.467210012252,1392.4159352267982,1111.6223693155166,1000.0,1000.0,1000.0
2024-12-09,23:05:06,Shanghai,2360.64345024846,2344.41335989693,2303.5391241362922,1876.0703130099248,1656.5449162462794,1316.3883263760936,1130.467210012252,1392.4159352267982,1111.6223693155166,1000.0,1000.0,1000.0
2024-12-09,23:05:53,Shanghai by Night,2348.882105016141,2341.1453253775526,2310.2418187149096,1876.0703130099248,1656.5449162462794,1316.3883263760936,1130.467210012252,1392.4159352267982,1111.6223693155166,1000.0,1000.0,1000.0
2024-12-09,23:06:41,Shanghai,2345.273208146576,2322.769001326507,2301.2557303271215,1876.0703130099248,1656.5449162462794,1316.3883263760936,1130.467210012252,1392.4159352267982,1111.6223693155166,1000.0,1000.0,1000.0
2024-12-09,23:07:15,Shanghai,2341.5281549171236,2335.5073426769245,2307.671700234113,1876.0703130099248,1656.5449162462794,1316.3883263760936,1130.467210012252,1392.4159352267982,1111.6223693155166,1000.0,1000.0,1000.0
2024-12-09,23:07:48,Snowville,2330.5603332118308,2317.280298558754,2313.8700356313902,1876.0703130099248,1656.5449162462794,1316.3883263760936,1130.467210012252,1392.4159352267982,1111.6223693155166,1000.0,1000.0,1000.0
2024-12-09,23:08:46,Snowville,2342.7645924664735,2322.657494461244,2296.648788440661,1876.0703130099248,1656.5449162462794,1316.3883263760936,1130.467210012252,1392.4159352267982,1111.6223693155166,1000.0,1000.0,1000.0
2024-12-09,23:09:39,Shanghai,2323.8815729674516,2320.123626355887,2303.2659875039963,1876.0703130099248,1656.5449162462794,1316.3883263760936,1130.467210012252,1392.4159352267982,1111.6223693155166,1000.0,1000.0,1000.0
2024-12-09,23:11:14,Snowville,2321.114463570967,2332.7759634095632,2286.521678871643,1876.0703130099248,1656.5449162462794,1316.3883263760936,1130.467210012252,1392.4159352267982,1111.6223693155166,1000.0,1000.0,1000.0
2024-12-09,23:11:47,Snowville,2303.2347952914765,2344.622900121939,2285.927184852275,1876.0703130099248,1656.5449162462794,1316.3883263760936,1130.467210012252,1392.4159352267982,1111.6223693155166,1000.0,1000.0,1000.0
2024-12-09,23:12:27,Shanghai by Night,2293.943305942265,2348.131132082488,2285.2953353806174,1876.0703130099248,1656.5449162462794,1316.3883263760936,1130.467210012252,1392.4159352267982,1111.6223693155166,1000.0,1000.0,1000.0
2024-12-09,23:13:01,Shanghai by Night,2285.1457746656356,2328.5771284848665,2292.231587993094,1876.0703130099248,1656.5449162462794,1316.3883263760936,1130.467210012252,1392.4159352267982,1111.6223693155166,1000.0,1000.0,1000.0
2024-12-09,23:13:31,Shanghai by Night,2284.2621019657636,2340.289534375339,2283.3086412093685,1876.0703130099248,1656.5449162462794,1316.3883263760936,1130.467210012252,1392.4159352267982,1111.6223693155166,1000.0,1000.0,1000.0
2024-12-09,23:14:05,Snowville,2298.6518029274193,2328.5607375234044,2282.5578581301716,1876.0703130099248,1656.5449162462794,1316.3883263760936,1130.467210012252,1392.4159352267982,1111.6223693155166,1000.0,1000.0,1000.0
2024-12-10,22:59:13,Shanghai,2289.3773503448465,2340.315648102439,2281.8776013741535,1876.0703130099248,1656.5449162462794,1316.3883263760936,1130.467210012252,1392.4159352267982,1111.6223693155166,1000.0,1000.0,1000.0
2024-12-10,22:59:55,Shanghai by Night,2289.3773503448465,2346.3379118068833,2284.853976234097,1876.0703130099248,1656.5449162462794,1316.3883263760936,1130.467210012252,1392.4159352267982,1111.6223693155166,1000.0,1000.0,1000.0
2024-12-10,23:00:10,Shanghai,2289.3773503448465,2348.351693279429,2284.853976234097,1876.0703130099248,1656.5449162462794,1316.3883263760936,1130.467210012252,1392.4159352267982,1111.6223693155166,1000.0,1000.0,1000.0
2024-12-10,23:00:42,Shanghai by Night,2289.3773503448465,2348.9836259715707,2277.393900184412,1876.0703130099248,1656.5449162462794,1316.3883263760936,1130.467210012252,1392.4159352267982,1111.6223693155166,1000.0,1000.0,1000.0
2024-12-10,23:01:34,Shanghai by Night,2295.933424054888,2359.660194513982,2277.0972890814373,1876.0703130099248,1656.5449162462794,1316.3883263760936,1130.467210012252,1392.4159352267982,1111.6223693155166,1000.0,1000.0,1000.0
2024-12-10,23:02:09,Snowville,2294.6690778088455,2369.9409054649973,2284.598861173919,1876.0703130099248,1656.5449162462794,1316.3883263760936,1130.467210012252,1392.4159352267982,1111.6223693155166,1000.0,1000.0,1000.0
2024-12-10,23:02:44,Snowville,2293.657901296953,2379.8529901083966,2291.8066072824054,1876.0703130099248,1656.5449162462794,1316.3883263760936,1130.467210012252,1392.4159352267982,1111.6223693155166,1000.0,1000.0,1000.0
2024-12-10,23:03:27,Shanghai,2292.878845910236,2381.8226954132956,2306.3405104634708,1876.0703130099248,1656.5449162462794,1316.3883263760936,1130.467210012252,1392.4159352267982,1111.6223693155166,1000.0,1000.0,1000.0
2024-12-10,23:04:25,Shanghai by Night,2292.3178700266844,2383.8553051439826,2320.16786337113,1876.0703130099248,1656.5449162462794,1316.3883263760936,1130.467210012252,1392.4159352267982,1111.6223693155166,1000.0,1000.0,1000.0
2024-12-10,23:05:16,Shanghai,2307.1564228333123,2363.145525301128,2325.747106895557,1876.0703130099248,1656.5449162462794,1316.3883263760936,1130.467210012252,1392.4159352267982,1111.6223693155166,1000.0,1000.0,1000.0
2024-12-10,23:05:54,Snowville,2321.1061125984083,2366.3120826058916,2315.8034129739362,1876.0703130099248,1656.5449162462794,1316.3883263760936,1130.467210012252,1392.4159352267982,1111.6223693155166,1000.0,1000.0,1000.0
2024-12-10,23:06:43,Shanghai by Night,2311.5099338015402,2376.9856509973774,2321.7179954259295,1876.0703130099248,1656.5449162462794,1316.3883263760936,1130.467210012252,1392.4159352267982,1111.6223693155166,1000.0,1000.0,1000.0
2024-12-10,23:07:22,Shanghai,2317.7512110207517,2387.1722178899727,2319.7602513513825,1876.0703130099248,1656.5449162462794,1316.3883263760936,1130.467210012252,1392.4159352267982,1111.6223693155166,1000.0,1000.0,1000.0
2024-12-10,23:09:09,Snowville,2323.7795411989755,2381.7882577963333,2333.271324599484,1876.0703130099248,1656.5449162462794,1316.3883263760936,1130.467210012252,1392.4159352267982,1111.6223693155166,1000.0,1000.0,1000.0
2024-12-10,23:09:51,Shanghai,2322.0137552328615,2392.030613864974,2338.5600090644893,1876.0703130099248,1656.5449162462794,1316.3883263760936,1130.467210012252,1392.4159352267982,1111.6223693155166,1000.0,1000.0,1000.0
2024-12-10,23:10:35,Snowville,2328.09704373843,2386.6961186098288,2328.496977629876,1876.0703130099248,1656.5449162462794,1316.3883263760936,1130.467210012252,1392.4159352267982,1111.6223693155166,1000.0,1000.0,1000.0
2024-12-11,23:00:11,Shanghai by Night,2325.504483607685,2386.6961186098288,2328.496977629876,1876.0703130099248,1656.5449162462794,1316.3883263760936,1130.467210012252,1392.4159352267982,1111.6223693155166,1000.0,1000.0,1000.0
2024-12-11,23:00:52,Shanghai by Night,2322.940696347552,2386.6961186098288,2328.496977629876,1876.0703130099248,1656.5449162462794,1316.3883263760936,1130.467210012252,1392.4159352267982,1111.6223693155166,1000.0,1000.0,1000.0
2024-12-11,23:02:58,Shanghai,2336.414213869368,2366.2785866114277,2326.4499074606015,1876.0703130099248,1656.5449162462794,1316.3883263760936,1130.467210012252,1392.4159352267982,1111.6223693155166,1000.0,1000.0,1000.0
2024-12-11,23:04:37,Shanghai,2333.820109476088,2377.2335376470073,2309.2268634640036,1876.0703130099248,1656.5449162462794,1316.3883263760936,1130.467210012252,1392.4159352267982,1111.6223693155166,1000.0,1000.0,1000.0
2024-12-11,23:06:00,Shanghai by Night,2323.6758096666426,2379.9154970307554,2323.313121108265,1876.0703130099248,1656.5449162462794,1316.3883263760936,1130.467210012252,1392.4159352267982,1111.6223693155166,1000.0,1000.0,1000.0
2024-12-11,23:07:14,Shanghai by Night,2321.7860718293623,2390.127264900592,2329.044413517395,1876.0703130099248,1656.5449162462794,1316.3883263760936,1130.467210012252,1392.4159352267982,1111.6223693155166,1000.0,1000.0,1000.0
2024-12-11,23:08:37,Snowville,2312.5561164791093,2392.365234809711,2326.9957341492877,1876.0703130099248,1656.5449162462794,1316.3883263760936,1130.467210012252,1392.4159352267982,1111.6223693155166,1000.0,1000.0,1000.0
2024-12-11,23:10:19,Snowville,2318.965774965674,2386.7958021587997,2309.765118446071,1876.0703130099248,1656.5449162462794,1316.3883263760936,1130.467210012252,1392.4159352267982,1111.6223693155166,1000.0,1000.0,1000.0
2024-12-11,23:11:42,Shanghai,2302.023195782191,2388.9350341072113,2308.5634412533805,1876.0703130099248,1656.5449162462794,1316.3883263760936,1130.467210012252,1392.4159352267982,1111.6223693155166,1000.0,1000.0,1000.0
2024-12-11,23:13:14,Snowville,2301.106678410842,2390.7999639026316,2322.4568261878635,1876.0703130099248,1656.5449162462794,1316.3883263760936,1130.467210012252,1392.4159352267982,1111.6223693155166,1000.0,1000.0,1000.0
2024-12-11,23:14:06,Shanghai,2315.6059315836005,2392.7267045784747,2320.49712380498,1876.0703130099248,1656.5449162462794,1316.3883263760936,1130.467210012252,1392.4159352267982,1111.6223693155166,1000.0,1000.0,1000.0
2024-12-11,23:15:40,Shanghai,2306.6025450573707,2394.706296073318,2318.8082718438936,1876.0703130099248,1656.5449162462794,1316.3883263760936,1130.467210012252,1392.4159352267982,1111.6223693155166,1000.0,1000.0,1000.0
2024-12-11,23:17:31,Shanghai by Night,2313.2340001146486,2404.0971037375057,2309.5215127502643,1876.0703130099248,1656.5449162462794,1316.3883263760936,1130.467210012252,1392.4159352267982,1111.6223693155166,1000.0,1000.0,1000.0
2024-12-14,23:35:39,Shanghai,2315.6107248766143,2404.0971037375057,2309.5215127502643,1876.0703130099248,1656.5449162462794,1316.3883263760936,1130.467210012252,1392.4159352267982,1111.6223693155166,1000.0,1000.0,1000.0
2024-12-14,23:36:13,Snowville,2315.559669382325,2404.0971037375057,2309.5215127502643,1876.0703130099248,1656.5449162462794,1316.3883263760936,1130.467210012252,1392.4159352267982,1111.6223693155166,1000.0,1000.0,1000.0
2024-12-14,23:36:38,Shanghai by Night,2317.9092077796577,2404.0971037375057,2309.5215127502643,1876.0703130099248,1656.5449162462794,1316.3883263760936,1130.467210012252,1392.4159352267982,1111.6223693155166,1000.0,1000.0,1000.0
2024-12-14,23:36:52,Snowville,2320.231545711781,2404.0971037375057,2309.5215127502643,1876.0703130099248,1656.5449162462794,1316.3883263760936,1130.467210012252,1392.4159352267982,1111.6223693155166,1000.0,1000.0,1000.0
2024-12-14,23:37:10,Shanghai,2322.5272583780143,2404.0971037375057,2309.5215127502643,1876.0703130099248,1656.5449162462794,1316.3883263760936,1130.467210012252,1392.4159352267982,1111.6223693155166,1000.0,1000.0,1000.0
2024-12-14,23:37:33,Snowville,2324.7969040352946,2404.0971037375057,2309.5215127502643,1876.0703130099248,1656.5449162462794,1316.3883263760936,1130.467210012252,1392.4159352267982,1111.6223693155166,1000.0,1000.0,1000.0
2024-12-14,23:37:52,Shanghai,2327.041024618252,2404.0971037375057,2309.5215127502643,1876.0703130099248,1656.5449162462794,1316.3883263760936,1130.467210012252,1392.4159352267982,1111.6223693155166,1000.0,1000.0,1000.0
2024-12-15,23:13:07,Shanghai by Night,2318.729619890091,2403.705868289878,2309.5215127502643,1876.0703130099248,1656.5449162462794,1316.3883263760936,1130.467210012252,1392.4159352267982,1111.6223693155166,1000.0,1000.0,1000.0
2024-12-15,23:13:46,Shanghai by Night,2315.8485378625173,2408.464175704367,2309.5215127502643,1876.0703130099248,1656.5449162462794,1316.3883263760936,1130.467210012252,1392.4159352267982,1111.6223693155166,1000.0,1000.0,1000.0
2024-12-15,23:14:17,Shanghai by Night,2323.482846044448,2402.7002667763254,2309.5215127502643,1876.0703130099248,1656.5449162462794,1316.3883263760936,1130.467210012252,1392.4159352267982,1111.6223693155166,1000.0,1000.0,1000.0
2024-12-15,23:14:59,Shanghai by Night,2320.4606408247223,2407.5140519781585,2309.5215127502643,1876.0703130099248,1656.5449162462794,1316.3883263760936,1130.467210012252,1392.4159352267982,1111.6223693155166,1000.0,1000.0,1000.0
2024-12-15,23:15:35,Shanghai by Night,2322.757411938246,2401.8026830852564,2309.5215127502643,1876.0703130099248,1656.5449162462794,1316.3883263760936,1130.467210012252,1392.4159352267982,1111.6223693155166,1000.0,1000.0,1000.0
2024-12-17,20:33:27,Shanghai by Night,2330.1491689795043,2401.430874197326,2309.5215127502643,1876.0703130099248,1656.5449162462794,1316.3883263760936,1130.467210012252,1392.4159352267982,1111.6223693155166,1000.0,1000.0,1000.0
2024-12-17,20:34:10,Snowville,2326.932887514843,2401.120001635379,2309.5215127502643,1876.0703130099248,1656.5449162462794,1316.3883263760936,1130.467210012252,1392.4159352267982,1111.6223693155166,1000.0,1000.0,1000.0
2024-12-17,20:38:21,Shanghai,2323.803226150891,2405.9928992118794,2309.5215127502643,1876.0703130099248,1656.5449162462794,1316.3883263760936,1130.467210012252,1392.4159352267982,1111.6223693155166,1000.0,1000.0,1000.0
2024-12-17,20:43:55,Snowville,2325.9954131883987,2400.337719714513,2309.5215127502643,1876.0703130099248,1656.5449162462794,1316.3883263760936,1130.467210012252,1392.4159352267982,1111.6223693155166,1000.0,1000.0,1000.0
2024-12-17,20:47:24,Snowville,2333.286211515311,2400.0210791042186,2309.5215127502643,1876.0703130099248,1656.5449162462794,1316.3883263760936,1130.467210012252,1392.4159352267982,1111.6223693155166,1000.0,1000.0,1000.0
2024-12-17,20:52:47,Shanghai by Night,2335.1738925824066,2404.9637784476818,2309.5215127502643,1876.0703130099248,1656.5449162462794,1316.3883263760936,1130.467210012252,1392.4159352267982,1111.6223693155166,1000.0,1000.0,1000.0
2024-12-17,20:58:22,Shanghai by Night,2337.0458807456,2399.4119674290937,2309.5215127502643,1876.0703130099248,1656.5449162462794,1316.3883263760936,1130.467210012252,1392.4159352267982,1111.6223693155166,1000.0,1000.0,1000.0
2024-12-17,21:04:19,Shanghai,2338.8271971424047,2393.995309881459,2309.5215127502643,1876.0703130099248,1656.5449162462794,1316.3883263760936,1130.467210012252,1392.4159352267982,1111.6223693155166,1000.0,1000.0,1000.0
2024-12-17,21:09:24,Shanghai,2345.7211544751362,2388.7126610002797,2309.5215127502643,1876.0703130099248,1656.5449162462794,1316.3883263760936,1130.467210012252,1392.4159352267982,1111.6223693155166,1000.0,1000.0,1000.0
2024-12-17,21:14:17,Snowville,2347.192827078677,2383.6009859134656,2309.5215127502643,1876.0703130099248,1656.5449162462794,1316.3883263760936,1130.467210012252,1392.4159352267982,1111.6223693155166,1000.0,1000.0,1000.0
2024-12-17,21:18:24,Snowville,2348.5880023177137,2389.018880373013,2309.5215127502643,1876.0703130099248,1656.5449162462794,1316.3883263760936,1130.467210012252,1392.4159352267982,1111.6223693155166,1000.0,1000.0,1000.0
2024-12-17,21:23:38,Shanghai by Night,2355.1866592864753,2378.721305552857,2309.5215127502643,1876.0703130099248,1656.5449162462794,1316.3883263760936,1130.467210012252,1392.4159352267982,1111.6223693155166,1000.0,1000.0,1000.0
2024-12-19,23:21:21,Shanghai,2357.11189317425,2378.721305552857,2309.5215127502643,1876.0703130099248,1656.5449162462794,1316.3883263760936,1130.467210012252,1392.4159352267982,1111.6223693155166,1000.0,1000.0,1000.0
2024-12-19,23:26:07,Snowville,2360.654497137215,2378.721305552857,2309.5215127502643,1876.0703130099248,1656.5449162462794,1316.3883263760936,1130.467210012252,1392.4159352267982,1111.6223693155166,1046.4986318296847,1000.0,1000.0
2024-12-19,23:26:29,Snowville,2364.1341860410002,2378.721305552857,2309.5215127502643,1876.0703130099248,1656.5449162462794,1316.3883263760936,1130.467210012252,1392.4159352267982,1111.6223693155166,1124.1053100926572,1000.0,1000.0
2024-12-19,23:27:13,Formula Wild,2367.5539024476025,2378.721305552857,2309.5215127502643,1876.0703130099248,1656.5449162462794,1316.3883263760936,1130.467210012252,1392.4159352267982,1111.6223693155166,1217.0921131941336,1000.0,1000.0
2024-12-19,23:27:50,Snowville,2365.716981001538,2378.721305552857,2309.5215127502643,1876.0703130099248,1656.5449162462794,1316.3883263760936,1130.467210012252,1392.4159352267982,1111.6223693155166,1325.249888270093,1000.0,1000.0
2024-12-19,23:28:40,Formula Wild,2363.917949918229,2378.721305552857,2309.5215127502643,1876.0703130099248,1656.5449162462794,1316.3883263760936,1130.467210012252,1392.4159352267982,1111.6223693155166,1385.7248262843257,1000.0,1000.0
2024-12-22,21:40:06,Shanghai,2363.917949918229,2375.381826029984,2309.5215127502643,1893.6239766700169,1656.5449162462794,1316.3883263760936,1130.467210012252,1392.4159352267982,1111.6223693155166,1385.7248262843257,1067.8862841637742,1000.0
2024-12-22,21:42:55,Formula Wild,2363.917949918229,2372.158857960046,2309.5215127502643,1910.284268574369,1656.5449162462794,1316.3883263760936,1130.467210012252,1392.4159352267982,1111.6223693155166,1385.7248262843257,1135.5486984983918,1000.0
2024-12-22,21:44:14,Formula Wild,2363.917949918229,2369.0543815251954,2309.5215127502643,1918.473748546074,1656.5449162462794,1316.3883263760936,1130.467210012252,1392.4159352267982,1111.6223693155166,1385.7248262843257,1202.888319217905,1000.0
2024-12-22,21:45:04,Snowville,2363.917949918229,2358.4483643804297,2309.5215127502643,1941.445119037262,1656.5449162462794,1316.3883263760936,1130.467210012252,1392.4159352267982,1111.6223693155166,1385.7248262843257,1246.9484775696271,1000.0
2024-12-22,21:45:53,Formula Wild,2363.917949918229,2340.575660908559,2309.5215127502643,1970.7224381692824,1656.5449162462794,1316.3883263760936,1130.467210012252,1392.4159352267982,1111.6223693155166,1385.7248262843257,1381.8252140763075,1000.0
2024-12-22,21:46:20,Shanghai by Night,2363.917949918229,2346.1035823794336,2309.5215127502643,1990.759661441903,1656.5449162462794,1316.3883263760936,1130.467210012252,1392.4159352267982,1111.6223693155166,1385.7248262843257,1403.2946953360681,1000.0
2024-12-22,21:46:40,Shanghai by Night,2363.917949918229,2351.5674733920837,2309.5215127502643,2009.6444464928984,1656.5449162462794,1316.3883263760936,1130.467210012252,1392.4159352267982,1111.6223693155166,1385.7248262843257,1439.82517664691,1000.0
2024-12-22,21:47:06,Snowville,2363.917949918229,2356.9744507676387,2309.5215127502643,2027.4611570544935,1656.5449162462794,1316.3883263760936,1130.467210012252,1392.4159352267982,1111.6223693155166,1385.7248262843257,1468.4563950400627,1000.0
2024-12-22,21:47:46,Shanghai,2363.917949918229,2362.3265626033885,2309.5215127502643,2029.0635562175944,1656.5449162462794,1316.3883263760936,1130.467210012252,1392.4159352267982,1111.6223693155166,1385.7248262843257,1489.2161845805883,1000.0
2024-12-22,21:48:17,Shanghai by Night,2363.917949918229,2367.5479395500593,2309.5215127502643,2038.230018280478,1656.5449162462794,1316.3883263760936,1130.467210012252,1392.4159352267982,1111.6223693155166,1385.7248262843257,1509.733909571684,1000.0
2024-12-23,18:33:30,Shanghai,2363.917949918229,2367.5479395500593,2309.5215127502643,2038.230018280478,1656.5449162462794,1316.3883263760936,1130.467210012252,1392.4159352267982,1111.6223693155166,1397.2493247601246,1509.733909571684,1000.0
2024-12-23,18:33:49,Shanghai by Night,2363.917949918229,2367.5479395500593,2309.5215127502643,2038.230018280478,1656.5449162462794,1316.3883263760936,1130.467210012252,1392.4159352267982,1111.6223693155166,1413.542192946379,1509.733909571684,1000.0
2024-12-23,18:34:09,Snowville,2363.917949918229,2367.5479395500593,2309.5215127502643,2038.230018280478,1656.5449162462794,1316.3883263760936,1130.467210012252,1392.4159352267982,1111.6223693155166,1424.9868441026892,1509.733909571684,1000.0
2024-12-23,18:34:27,Snowville,2363.917949918229,2367.5479395500593,2309.5215127502643,2038.230018280478,1656.5449162462794,1316.3883263760936,1130.467210012252,1392.4159352267982,1111.6223693155166,1438.795008689202,1509.733909571684,1000.0
2024-12-23,18:34:45,Formula Wild,2363.917949918229,2367.5479395500593,2309.5215127502643,2038.230018280478,1656.5449162462794,1316.3883263760936,1130.467210012252,1392.4159352267982,1111.6223693155166,1452.5560725288683,1509.733909571684,1000.0
2024-12-24,14:48:09,Formula Wild,2363.917949918229,2372.6823308714847,2309.5215127502643,2039.3014284880448,1656.5449162462794,1316.3883263760936,1130.467210012252,1392.4159352267982,1111.6223693155166,1452.5560725288683,1552.800432875669,1000.0
2024-12-24,14:56:44,Shanghai by Night,2363.917949918229,2377.7032213770826,2309.5215127502643,2048.0242283491084,1656.5449162462794,1316.3883263760936,1130.467210012252,1392.4159352267982,1111.6223693155166,1452.5560725288683,1580.0069592553157,1000.0
2024-12-24,15:02:46,Shanghai by Night,2363.917949918229,2379.4183034171997,2309.5215127502643,2048.0242283491084,1656.5449162462794,1316.3883263760936,1130.467210012252,1392.4159352267982,1111.6223693155166,1452.5560725288683,1580.0069592553157,1000.0
2024-12-24,21:23:30,Shanghai,2363.917949918229,2379.4183034171997,2309.5215127502643,2055.270478238487,1656.5449162462794,1316.3883263760936,1130.467210012252,1392.4159352267982,1111.6223693155166,1452.5560725288683,1580.0069592553157,1000.0
2024-12-24,21:23:49,Formula Wild,2363.917949918229,2379.4183034171997,2309.5215127502643,2062.3453553647664,1656.5449162462794,1316.3883263760936,1130.467210012252,1392.4159352267982,1111.6223693155166,1452.5560725288683,1580.0069592553157,1000.0
2024-12-24,21:24:08,Shanghai,2363.917949918229,2379.4183034171997,2309.5215127502643,2069.2539959013593,1656.5449162462794,1316.3883263760936,1130.467210012252,1392.4159352267982,1111.6223693155166,1452.5560725288683,1580.0069592553157,1000.0
2024-12-24,21:25:36,Shanghai by Night,2363.917949918229,2379.4183034171997,2309.5215127502643,2076.001460563151,1656.5449162462794,1316.3883263760936,1130.467210012252,1392.4159352267982,1111.6223693155166,1452.5560725288683,1580.0069592553157,1000.0
2024-12-24,21:25:53,Snowville,2363.917949918229,2379.4183034171997,2309.5215127502643,2082.5927210108093,1656.5449162462794,1316.3883263760936,1130.467210012252,1392.4159352267982,1111.6223693155166,1452.5560725288683,1580.0069592553157,1000.0
2024-12-24,21:26:35,Shanghai by Night,2363.917949918229,2379.4183034171997,2309.5215127502643,2086.632648638345,1656.5449162462794,1316.3883263760936,1130.467210012252,1392.4159352267982,1111.6223693155166,1452.5560725288683,1580.0069592553157,1000.0
2024-12-24,21:27:03,Shanghai,2363.917949918229,2379.4183034171997,2309.5215127502643,2090.5804745975393,1656.5449162462794,1316.3883263760936,1130.467210012252,1392.4159352267982,1111.6223693155166,1452.5560725288683,1580.0069592553157,1000.0
2024-12-24,21:28:09,Shanghai by Night,2363.917949918229,2379.4183034171997,2309.5215127502643,2097.264406146013,1656.5449162462794,1316.3883263760936,1130.467210012252,1392.4159352267982,1111.6223693155166,1452.5560725288683,1597.9923898675152,1000.0
2024-12-24,21:28:50,Shanghai by Night,2363.917949918229,2379.4183034171997,2309.5215127502643,2108.885766114625,1656.5449162462794,1316.3883263760936,1130.467210012252,1392.4159352267982,1111.6223693155166,1452.5560725288683,1610.5077352842272,1000.0
2024-12-24,21:29:25,Formula Wild,2363.917949918229,2379.4183034171997,2309.5215127502643,2109.630073235342,1656.5449162462794,1316.3883263760936,1130.467210012252,1392.4159352267982,1111.6223693155166,1452.5560725288683,1622.8321902184468,1000.0
2024-12-24,21:30:02,Formula Wild,2363.917949918229,2379.4183034171997,2309.5215127502643,2110.3622113093165,1656.5449162462794,1316.3883263760936,1130.467210012252,1392.4159352267982,1111.6223693155166,1452.5560725288683,1634.940753724288,1000.0
2024-12-24,21:30:28,Shanghai by Night,2363.917949918229,2379.4183034171997,2309.5215127502643,2108.9802305241196,1656.5449162462794,1316.3883263760936,1130.467210012252,1392.4159352267982,1111.6223693155166,1452.5560725288683,1634.940753724288,1000.0
2024-12-24,21:30:55,Shanghai by Night,2363.917949918229,2379.4183034171997,2309.5215127502643,2114.8285421102637,1656.5449162462794,1316.3883263760936,1130.467210012252,1392.4159352267982,1111.6223693155166,1452.5560725288683,1634.940753724288,1000.0
2024-12-24,21:31:33,Formula Wild,2363.917949918229,2379.4183034171997,2309.5215127502643,2125.7613793365813,1656.5449162462794,1316.3883263760936,1130.467210012252,1392.4159352267982,1111.6223693155166,1452.5560725288683,1641.6325148577446,1000.0
2024-12-24,21:32:09,Shanghai,2363.917949918229,2379.4183034171997,2309.5215127502643,2136.250781298935,1656.5449162462794,1316.3883263760936,1130.467210012252,1392.4159352267982,1111.6223693155166,1452.5560725288683,1658.6128408342156,1000.0
2024-12-24,21:32:48,Shanghai,2363.917949918229,2379.4183034171997,2309.5215127502643,2141.515716956799,1656.5449162462794,1316.3883263760936,1130.467210012252,1392.4159352267982,1111.6223693155166,1452.5560725288683,1658.6128408342156,1000.0
2024-12-24,21:33:07,Shanghai,2363.917949918229,2379.4183034171997,2309.5215127502643,2144.2717169213624,1656.5449162462794,1316.3883263760936,1130.467210012252,1392.4159352267982,1111.6223693155166,1452.5560725288683,1658.6128408342156,1000.0
2024-12-24,21:33:28,Shanghai by Night,2363.917949918229,2379.4183034171997,2309.5215127502643,2146.97119674273,1656.5449162462794,1316.3883263760936,1130.467210012252,1392.4159352267982,1111.6223693155166,1452.5560725288683,1658.6128408342156,1000.0
2024-12-24,21:33:52,Formula Wild,2363.917949918229,2379.4183034171997,2309.5215127502643,2149.615656003702,1656.5449162462794,1316.3883263760936,1130.467210012252,1392.4159352267982,1111.6223693155166,1452.5560725288683,1658.6128408342156,1000.0
2024-12-24,21:34:32,Formula Wild,2363.917949918229,2379.4183034171997,2309.5215127502643,2154.606546245594,1656.5449162462794,1316.3883263760936,1130.467210012252,1392.4159352267982,1111.6223693155166,1452.5560725288683,1658.6128408342156,1000.0
2024-12-24,21:35:03,Shanghai,2363.917949918229,2379.4183034171997,2309.5215127502643,2159.497237034991,1656.5449162462794,1316.3883263760936,1130.467210012252,1392.4159352267982,1111.6223693155166,1452.5560725288683,1658.6128408342156,1000.0
2024-12-24,21:35:23,Shanghai,2363.917949918229,2379.4183034171997,2309.5215127502643,2164.290899539854,1656.5449162462794,1316.3883263760936,1130.467210012252,1392.4159352267982,1111.6223693155166,1452.5560725288683,1658.6128408342156,1000.0
2024-12-24,21:35:40,Shanghai,2363.917949918229,2379.4183034171997,2309.5215127502643,2168.9905898192087,1656.5449162462794,1316.3883263760936,1130.467210012252,1392.4159352267982,1111.6223693155166,1452.5560725288683,1658.6128408342156,1000.0
2024-12-24,21:36:05,Shanghai,2363.917949918229,2379.4183034171997,2309.5215127502643,2171.199252123098,1656.5449162462794,1316.3883263760936,1130.467210012252,1392.4159352267982,1111.6223693155166,1452.5560725288683,1658.6128408342156,1000.0
2024-12-24,21:36:25,Formula Wild,2363.917949918229,2379.4183034171997,2309.5215127502643,2173.365515795938,1656.5449162462794,1316.3883263760936,1130.467210012252,1392.4159352267982,1111.6223693155166,1452.5560725288683,1658.6128408342156,1000.0
2024-12-24,21:36:41,Shanghai by Night,2363.917949918229,2379.4183034171997,2309.5215127502643,2175.4904330278623,1656.5449162462794,1316.3883263760936,1130.467210012252,1392.4159352267982,1111.6223693155166,1452.5560725288683,1658.6128408342156,1000.0
2024-12-24,21:37:03,Shanghai by Night,2363.917949918229,2379.4183034171997,2309.5215127502643,2179.9750233915115,1656.5449162462794,1316.3883263760936,1130.467210012252,1392.4159352267982,1111.6223693155166,1452.5560725288683,1658.6128408342156,1000.0
2024-12-24,21:37:22,Shanghai,2363.917949918229,2379.4183034171997,2309.5215127502643,2181.975258577601,1656.5449162462794,1316.3883263760936,1130.467210012252,1392.4159352267982,1111.6223693155166,1452.5560725288683,1658.6128408342156,1000.0
2024-12-24,21:37:41,Formula Wild,2363.917949918229,2379.4183034171997,2309.5215127502643,2186.338201125005,1656.5449162462794,1316.3883263760936,1130.467210012252,1392.4159352267982,1111.6223693155166,1452.5560725288683,1658.6128408342156,1000.0
2024-12-24,21:38:17,Shanghai,2363.917949918229,2379.4183034171997,2309.5215127502643,2194.5289484259883,1656.5449162462794,1316.3883263760936,1130.467210012252,1392.4159352267982,1111.6223693155166,1452.5560725288683,1675.3402558183873,1000.0
2024-12-24,21:38:56,Formula Wild,2363.917949918229,2379.4183034171997,2309.5215127502643,2197.2549508733273,1656.5449162462794,1316.3883263760936,1130.467210012252,1392.4159352267982,1111.6223693155166,1452.5560725288683,1707.3204664158852,1000.0
2024-12-24,21:39:31,Shanghai,2363.917949918229,2379.4183034171997,2309.5215127502643,2205.1336419199192,1656.5449162462794,1316.3883263760936,1130.467210012252,1392.4159352267982,1111.6223693155166,1452.5560725288683,1733.3464457096034,1000.0
2024-12-24,21:40:01,Snowville,2363.917949918229,2379.4183034171997,2309.5215127502643,2206.6799694310557,1656.5449162462794,1316.3883263760936,1130.467210012252,1392.4159352267982,1111.6223693155166,1452.5560725288683,1733.3464457096034,1000.0
2024-12-24,21:40:29,Shanghai by Night,2363.917949918229,2379.4183034171997,2309.5215127502643,2214.2790239973497,1656.5449162462794,1316.3883263760936,1130.467210012252,1392.4159352267982,1111.6223693155166,1452.5560725288683,1758.6957895385895,1000.0
2024-12-24,21:40:58,Shanghai,2363.917949918229,2379.4183034171997,2309.5215127502643,2221.6688957689107,1656.5449162462794,1316.3883263760936,1130.467210012252,1392.4159352267982,1111.6223693155166,1452.5560725288683,1783.3175309004087,1000.0
2024-12-24,21:41:26,Shanghai by Night,2363.917949918229,2379.4183034171997,2309.5215127502643,2218.1351090083454,1656.5449162462794,1316.3883263760936,1130.467210012252,1392.4159352267982,1111.6223693155166,1452.5560725288683,1783.3175309004087,1000.0
2024-12-24,21:41:46,Shanghai,2363.917949918229,2379.4183034171997,2309.5215127502643,2219.4599598025025,1656.5449162462794,1316.3883263760936,1130.467210012252,1392.4159352267982,1111.6223693155166,1452.5560725288683,1783.3175309004087,1000.0
2024-12-24,21:42:13,Formula Wild,2363.917949918229,2379.4183034171997,2309.5215127502643,2218.362748535253,1656.5449162462794,1316.3883263760936,1130.467210012252,1392.4159352267982,1111.6223693155166,1452.5560725288683,1783.3175309004087,1000.0
2024-12-24,21:42:32,Formula Wild,2363.917949918229,2379.4183034171997,2309.5215127502643,2222.0838018867857,1656.5449162462794,1316.3883263760936,1130.467210012252,1392.4159352267982,1111.6223693155166,1452.5560725288683,1783.3175309004087,1000.0
2024-12-24,21:42:49,Shanghai,2363.917949918229,2379.4183034171997,2309.5215127502643,2225.743174252791,1656.5449162462794,1316.3883263760936,1130.467210012252,1392.4159352267982,1111.6223693155166,1452.5560725288683,1783.3175309004087,1000.0
2024-12-24,22:20:18,Formula Wild,2359.6532462316354,2385.059411939035,2309.5215127502643,2225.743174252791,1656.5449162462794,1316.3883263760936,1130.467210012252,1392.4159352267982,1111.6223693155166,1452.5560725288683,1783.3175309004087,1000.0
2024-12-24,22:21:19,Formula Wild,2355.537874395413,2390.5356943271113,2309.5215127502643,2225.743174252791,1656.5449162462794,1316.3883263760936,1130.467210012252,1392.4159352267982,1111.6223693155166,1452.5560725288683,1783.3175309004087,1000.0
2024-12-24,22:21:41,Formula Wild,2355.537874395413,2392.140314756362,2309.5215127502643,2225.743174252791,1656.5449162462794,1316.3883263760936,1130.467210012252,1392.4159352267982,1111.6223693155166,1452.5560725288683,1783.3175309004087,1000.0
2024-12-24,22:22:07,Snowville,2356.7798153578037,2397.42261803595,2309.5215127502643,2225.743174252791,1656.5449162462794,1316.3883263760936,1130.467210012252,1392.4159352267982,1111.6223693155166,1452.5560725288683,1783.3175309004087,1000.0
2024-12-24,22:22:38,Formula Wild,2352.8290863597963,2402.5947043095525,2309.5215127502643,2225.743174252791,1656.5449162462794,1316.3883263760936,1130.467210012252,1392.4159352267982,1111.6223693155166,1452.5560725288683,1783.3175309004087,1000.0
2024-12-24,22:23:27,Shanghai,2343.8175984451896,2386.822899170465,2309.5215127502643,2225.743174252791,1656.5449162462794,1316.3883263760936,1130.467210012252,1392.4159352267982,1111.6223693155166,1452.5560725288683,1783.3175309004087,1000.0
2024-12-24,22:24:21,Shanghai,2340.125689308523,2386.94082348785,2309.5215127502643,2225.743174252791,1656.5449162462794,1316.3883263760936,1130.467210012252,1392.4159352267982,1111.6223693155166,1452.5560725288683,1783.3175309004087,1000.0
2024-12-24,22:25:02,Shanghai,2341.733118518579,2392.228847650951,2309.5215127502643,2225.743174252791,1656.5449162462794,1316.3883263760936,1130.467210012252,1392.4159352267982,1111.6223693155166,1452.5560725288683,1783.3175309004087,1000.0
2024-12-24,22:25:25,Snowville,2343.3363739085926,2397.407448248231,2309.5215127502643,2225.743174252791,1656.5449162462794,1316.3883263760936,1130.467210012252,1392.4159352267982,1111.6223693155166,1452.5560725288683,1783.3175309004087,1000.0
2024-12-24,22:26:20,Formula Wild,2344.792543682161,2404.155357814372,2309.5215127502643,2225.743174252791,1656.5449162462794,1316.3883263760936,1130.467210012252,1392.4159352267982,1111.6223693155166,1481.3189379674552,1783.3175309004087,1000.0
2024-12-24,22:28:23,Formula Wild,2346.278707517625,2410.729780535036,2309.5215127502643,2225.743174252791,1656.5449162462794,1316.3883263760936,1130.467210012252,1392.4159352267982,1111.6223693155166,1517.4025001492003,1783.3175309004087,1000.0
2024-12-24,22:28:57,Shanghai,2340.1958196869796,2417.142400839312,2309.5215127502643,2225.743174252791,1656.5449162462794,1316.3883263760936,1130.467210012252,1392.4159352267982,1111.6223693155166,1560.6707032727286,1783.3175309004087,1000.0
2024-12-24,22:29:28,Formula Wild,2342.007108847687,2423.325723270921,2309.5215127502643,2225.743174252791,1656.5449162462794,1316.3883263760936,1130.467210012252,1392.4159352267982,1111.6223693155166,1595.725288357946,1783.3175309004087,1000.0
2024-12-24,22:30:33,Snowville,2328.638646359752,2421.7718836736335,2309.5215127502643,2225.743174252791,1656.5449162462794,1316.3883263760936,1130.467210012252,1392.4159352267982,1111.6223693155166,1645.3808121848795,1783.3175309004087,1000.0
2024-12-24,22:33:18,Formula Wild,2322.0564574840523,2419.4187311853198,2309.5215127502643,2225.743174252791,1656.5449162462794,1316.3883263760936,1130.467210012252,1392.4159352267982,1111.6223693155166,1689.516211567233,1783.3175309004087,999.1113481980183
2024-12-24,22:35:30,Snowville,2315.7096577033217,2425.0562160966924,2309.5215127502643,2225.743174252791,1656.5449162462794,1316.3883263760936,1130.467210012252,1392.4159352267982,1111.6223693155166,1724.64668716572,1783.3175309004087,1022.2792782902992
2024-12-24,22:37:07,Shanghai,2309.6811289565044,2406.5843084391086,2309.5215127502643,2225.743174252791,1656.5449162462794,1316.3883263760936,1130.467210012252,1392.4159352267982,1111.6223693155166,1758.8419435125454,1783.3175309004087,1069.358505249799
2024-12-24,22:39:34,Shanghai by Night,2311.698357898839,2412.4806904884017,2309.5215127502643,2225.743174252791,1656.5449162462794,1316.3883263760936,1130.467210012252,1392.4159352267982,1111.6223693155166,1784.0144848996265,1783.3175309004087,1068.4359376096465
2024-12-24,22:40:54,Snowville,2321.7308268976117,2402.319662619718,2309.5215127502643,2225.743174252791,1656.5449162462794,1316.3883263760936,1130.467210012252,1392.4159352267982,1111.6223693155166,1816.3065979259538,1783.3175309004087,1139.361366328554
2024-12-25,17:40:13,Shanghai,2321.7308268976117,2400.361453174869,2309.5215127502643,2240.01737186441,1656.5449162462794,1316.3883263760936,1130.467210012252,1392.4159352267982,1111.6223693155166,1816.3065979259538,1812.0757469278494,1139.361366328554
2024-12-25,17:40:58,Snowville,2321.7308268976117,2391.01916999664,2309.5215127502643,2253.680938889708,1656.5449162462794,1316.3883263760936,1130.467210012252,1392.4159352267982,1111.6223693155166,1816.3065979259538,1847.210308829291,1139.361366328554
2024-12-25,17:43:27,Formula Wild,2316.466295650276,2390.6201041072823,2309.5215127502643,2267.7026455524415,1656.5449162462794,1316.3883263760936,1130.467210012252,1408.7454779412424,1111.6223693155166,1816.3065979259538,1857.637067820585,1145.557309025373
2024-12-25,17:45:00,Snowville,2303.600380065146,2390.33827324896,2309.5215127502643,2281.1599492638416,1656.5449162462794,1316.3883263760936,1130.467210012252,1424.9346093172715,1111.6223693155166,1816.3065979259538,1875.8027886863701,1151.8221411179782
2024-12-25,17:47:24,Shanghai by Night,2299.3961376161838,2398.0798092605746,2309.5215127502643,2286.0436296720463,1656.5449162462794,1316.3883263760936,1130.467210012252,1433.0277946516178,1111.6223693155166,1816.3065979259538,1885.4663439990409,1150.1805009552752
2024-12-25,17:48:44,Shanghai,2305.843998239119,2398.0798092605746,2309.5215127502643,2286.0436296720463,1656.5449162462794,1316.3883263760936,1130.467210012252,1461.4532378420922,1111.6223693155166,1816.3065979259538,1910.393449857039,1150.1805009552752
2024-12-25,17:50:21,Snowville,2311.906011633628,2398.0798092605746,2309.5215127502643,2286.0436296720463,1656.5449162462794,1316.3883263760936,1130.467210012252,1496.8845274945154,1111.6223693155166,1829.7542133803627,1910.393449857039,1150.1805009552752
2024-12-25,17:52:56,Formula Wild,2292.182406207811,2382.1700538175523,2309.5215127502643,2283.629371660093,1656.5449162462794,1316.3883263760936,1130.467210012252,1510.102070329522,1111.6223693155166,1869.9042302938537,1938.0918269569627,1150.1805009552752
2024-12-25,17:54:15,Snowville,2305.224046138713,2350.768988563821,2309.5215127502643,2281.1871913334076,1656.5449162462794,1316.3883263760936,1130.467210012252,1539.358784434225,1111.6223693155166,1876.695489479889,1964.813658943801,1150.1805009552752
2024-12-25,17:55:39,Shanghai by Night,2301.5448984169584,2360.6496006942984,2309.5215127502643,2262.8903248436923,1656.5449162462794,1316.3883263760936,1130.467210012252,1552.3452560933415,1111.6223693155166,1891.5469621045156,1990.302168261867,1150.1805009552752
2024-12-25,17:57:06,Shanghai,2298.122287548553,2346.1331582509133,2309.5215127502643,2277.627380594851,1656.5449162462794,1316.3883263760936,1130.467210012252,1565.2738331961568,1111.6223693155166,1898.0104633211247,2014.5702842103685,1150.1805009552752
2024-12-25,17:58:51,Shanghai by Night,2310.9861392793746,2348.4034275415006,2309.5215127502643,2275.7207255530525,1656.5449162462794,1316.3883263760936,1130.467210012252,1570.1263822461692,1111.6223693155166,1912.471706821754,2013.7202551518874,1150.1805009552752
2024-12-25,18:00:18,Formula Wild,2307.378209242023,2358.7246280155287,2309.5215127502643,2266.160258179423,1656.5449162462794,1316.3883263760936,1130.467210012252,1574.9772234741272,1111.6223693155166,1918.3258656824864,2037.087208108589,1150.1805009552752
2024-12-25,18:01:42,Shanghai,2288.1606687951576,2368.6274547211215,2309.5215127502643,2257.3301712961343,1656.5449162462794,1316.3883263760936,1130.467210012252,1587.8169624454533,1111.6223693155166,1940.0879098029247,2059.208651579833,1150.1805009552752
2024-12-25,18:03:11,Snowville,2302.0132811212893,2354.1007103404295,2309.5215127502643,2241.1492388419656,1656.5449162462794,1316.3883263760936,1130.467210012252,1600.5922729303186,1111.6223693155166,1960.955930571599,2080.192141969305,1150.1805009552752
2024-12-25,18:04:16,Shanghai by Night,2306.684532907921,2354.1007103404295,2309.5215127502643,2241.1492388419656,1656.5449162462794,1316.3883263760936,1130.467210012252,1600.5922729303186,1111.6223693155166,1960.955930571599,2080.192141969305,1175.9411832933004
2024-12-25,18:04:45,Formula Wild,2311.2509960833095,2354.1007103404295,2309.5215127502643,2241.1492388419656,1656.5449162462794,1316.3883263760936,1130.467210012252,1600.5922729303186,1111.6223693155166,1960.955930571599,2080.192141969305,1180.8641437089007
2024-12-25,18:05:28,Snowville,2315.71609950451,2354.1007103404295,2309.5215127502643,2241.1492388419656,1656.5449162462794,1316.3883263760936,1130.467210012252,1600.5922729303186,1111.6223693155166,1960.955930571599,2080.192141969305,1190.979416050437
2024-12-25,18:06:45,Shanghai,2318.063818660921,2354.1007103404295,2309.5215127502643,2241.1492388419656,1656.5449162462794,1316.3883263760936,1130.467210012252,1600.5922729303186,1111.6223693155166,1960.955930571599,2080.192141969305,1190.979416050437
